{
  "summary": "Research one state for joinable raku/pit/wood/soda/salt firings: Haiku searches, code dedupe, Sonnet site checks with named-place expansion, Haiku recall test",
  "agentCount": 89,
  "logs": [
    "California: 151 searches in 19 batches",
    "Retrying 10 searches (0 not run, 10 empty)",
    "193 unique candidates after dedupe (150 searches logged, 0 still empty)",
    "[check r1 11/65] failed: You've hit your session limit · resets 9:20pm (America/Los_Angeles)",
    "[check r1 10/65] failed: You've hit your session limit · resets 9:20pm (America/Los_Angeles)",
    "[check r1 15/65] failed: You've hit your session limit · resets 9:20pm (America/Los_Angeles)",
    "[check r1 16/65] failed: You've hit your session limit · resets 9:20pm (America/Los_Angeles)",
    "[check r1 17/65] failed: You've hit your session limit · resets 9:20pm (America/Los_Angeles)",
    "[check r1 18/65] failed: You've hit your session limit · resets 9:20pm (America/Los_Angeles)",
    "[check r1 19/65] failed: You've hit your session limit · resets 9:20pm (America/Los_Angeles)",
    "[check r1 9/65] failed: You've hit your session limit · resets 9:20pm (America/Los_Angeles)",
    "[check r1 20/65] failed: You've hit your session limit · resets 9:20pm (America/Los_Angeles)",
    "[check r1 22/65] failed: You've hit your session limit · resets 9:20pm (America/Los_Angeles)",
    "[check r1 12/65] failed: You've hit your session limit · resets 9:20pm (America/Los_Angeles)",
    "[check r1 21/65] failed: You've hit your session limit · resets 9:20pm (America/Los_Angeles)",
    "[check r1 23/65] failed: You've hit your session limit · resets 9:20pm (America/Los_Angeles)",
    "[check r1 24/65] failed: You've hit your session limit · resets 9:20pm (America/Los_Angeles)",
    "[check r1 13/65] failed: You've hit your session limit · resets 9:20pm (America/Los_Angeles)",
    "[check r1 25/65] failed: You've hit your session limit · resets 9:20pm (America/Los_Angeles)",
    "[check r1 26/65] failed: You've hit your session limit · resets 9:20pm (America/Los_Angeles)",
    "[check r1 27/65] failed: You've hit your session limit · resets 9:20pm (America/Los_Angeles)",
    "[check r1 29/65] failed: You've hit your session limit · resets 9:20pm (America/Los_Angeles)",
    "[check r1 31/65] failed: You've hit your session limit · resets 9:20pm (America/Los_Angeles)",
    "[check r1 30/65] failed: You've hit your session limit · resets 9:20pm (America/Los_Angeles)",
    "[check r1 28/65] failed: You've hit your session limit · resets 9:20pm (America/Los_Angeles)",
    "[check r1 32/65] failed: You've hit your session limit · resets 9:20pm (America/Los_Angeles)",
    "[check r1 33/65] failed: You've hit your session limit · resets 9:20pm (America/Los_Angeles)",
    "[check r1 35/65] failed: You've hit your session limit · resets 9:20pm (America/Los_Angeles)",
    "[check r1 34/65] failed: You've hit your session limit · resets 9:20pm (America/Los_Angeles)",
    "[check r1 36/65] failed: You've hit your session limit · resets 9:20pm (America/Los_Angeles)",
    "[check r1 37/65] failed: You've hit your session limit · resets 9:20pm (America/Los_Angeles)",
    "[check r1 38/65] failed: You've hit your session limit · resets 9:20pm (America/Los_Angeles)",
    "[check r1 39/65] failed: You've hit your session limit · resets 9:20pm (America/Los_Angeles)",
    "[check r1 41/65] failed: You've hit your session limit · resets 9:20pm (America/Los_Angeles)",
    "[check r1 40/65] failed: You've hit your session limit · resets 9:20pm (America/Los_Angeles)",
    "[check r1 42/65] failed: You've hit your session limit · resets 9:20pm (America/Los_Angeles)",
    "[check r1 43/65] failed: You've hit your session limit · resets 9:20pm (America/Los_Angeles)",
    "[check r1 44/65] failed: You've hit your session limit · resets 9:20pm (America/Los_Angeles)",
    "[check r1 14/65] failed: You've hit your session limit · resets 9:20pm (America/Los_Angeles)",
    "[check r1 45/65] failed: You've hit your session limit · resets 9:20pm (America/Los_Angeles)",
    "[check r1 46/65] failed: You've hit your session limit · resets 9:20pm (America/Los_Angeles)",
    "[check r1 48/65] failed: You've hit your session limit · resets 9:20pm (America/Los_Angeles)",
    "[check r1 47/65] failed: You've hit your session limit · resets 9:20pm (America/Los_Angeles)",
    "[check r1 52/65] failed: You've hit your session limit · resets 9:20pm (America/Los_Angeles)",
    "[check r1 53/65] failed: You've hit your session limit · resets 9:20pm (America/Los_Angeles)",
    "[check r1 50/65] failed: You've hit your session limit · resets 9:20pm (America/Los_Angeles)",
    "[check r1 51/65] failed: You've hit your session limit · resets 9:20pm (America/Los_Angeles)",
    "[check r1 49/65] failed: You've hit your session limit · resets 9:20pm (America/Los_Angeles)",
    "[check r1 54/65] failed: You've hit your session limit · resets 9:20pm (America/Los_Angeles)",
    "[check r1 59/65] failed: You've hit your session limit · resets 9:20pm (America/Los_Angeles)",
    "[check r1 55/65] failed: You've hit your session limit · resets 9:20pm (America/Los_Angeles)",
    "[check r1 56/65] failed: You've hit your session limit · resets 9:20pm (America/Los_Angeles)",
    "[check r1 57/65] failed: You've hit your session limit · resets 9:20pm (America/Los_Angeles)",
    "[check r1 58/65] failed: You've hit your session limit · resets 9:20pm (America/Los_Angeles)",
    "[check r1 60/65] failed: You've hit your session limit · resets 9:20pm (America/Los_Angeles)",
    "[check r1 61/65] failed: You've hit your session limit · resets 9:20pm (America/Los_Angeles)",
    "[check r1 62/65] failed: You've hit your session limit · resets 9:20pm (America/Los_Angeles)",
    "[check r1 63/65] failed: You've hit your session limit · resets 9:20pm (America/Los_Angeles)",
    "[check r1 64/65] failed: You've hit your session limit · resets 9:20pm (America/Los_Angeles)",
    "[check r1 65/65] failed: You've hit your session limit · resets 9:20pm (America/Los_Angeles)",
    "[check r1 6/65] failed: You've hit your session limit · resets 9:20pm (America/Los_Angeles)",
    "WARNING: 172 candidates came back unchecked (check r1)",
    "check round 1: checked 21, 3 new named places",
    "[check r2 1/1] failed: You've hit your session limit · resets 9:20pm (America/Los_Angeles)",
    "WARNING: 3 candidates came back unchecked (check r2)",
    "check round 2: checked 0, 0 new named places",
    "check: retrying 1 checks that failed for tool reasons",
    "[check retry 1/1] failed: You've hit your session limit · resets 9:20pm (America/Los_Angeles)",
    "WARNING: 1 candidates came back unchecked (check retry)",
    "[recall test] failed: You've hit your session limit · resets 9:20pm (America/Los_Angeles)",
    "Recall test: 0 places not seen by search or checking"
  ],
  "result": {
    "state": "California",
    "queries": [
      {
        "q": "raku workshop California",
        "n_results": 9,
        "kept": [
          {
            "url": "https://studiochannelislands.org/events/raku-classes/",
            "org": "Studio Channel Islands",
            "city": "Camarillo",
            "why": "Studio offering raku workshops in California"
          },
          {
            "url": "https://classbento.com/raku-firing-workshop-san-francisco",
            "org": "ClassBento",
            "city": "San Francisco",
            "why": "Raku firing workshop class listing for SF area"
          },
          {
            "url": "https://www.clayartistsofsandiego.org/casd-workshops/casd-raku-workshop",
            "org": "Clay Artists of San Diego",
            "city": "San Diego",
            "why": "Organization offering raku workshops in San Diego"
          },
          {
            "url": "https://coursehorse.com/los-angeles/classes/art/pottery/ceramics/raku-workshop",
            "org": "Coursehorse",
            "city": "Los Angeles",
            "why": "Directory/listing of raku workshops in LA area"
          },
          {
            "url": "https://bigceramicstore.com/pages/info-ceramics-classes",
            "org": "Big Ceramic Store",
            "city": "Multiple",
            "why": "Directory of ceramics classes and private teachers in California"
          },
          {
            "url": "https://sandiegocraft.org/product/ceramics-raku-firing/",
            "org": "San Diego Craft Collective",
            "city": "San Diego",
            "why": "Studio offering raku ceramic firing workshops"
          },
          {
            "url": "https://www.claybythebaysf.com/raku-workshops/",
            "org": "Clay By The Bay",
            "city": "San Francisco",
            "why": "Studio offering raku workshops in SF"
          },
          {
            "url": "https://www.clayfolkstudio.com/raku",
            "org": "CLAYFOLK Studio",
            "city": "Occidental",
            "why": "Studio offering 1-day raku firing retreats in Occidental"
          }
        ]
      },
      {
        "q": "raku class California",
        "n_results": 9,
        "kept": [
          {
            "url": "https://thecuriousforge.org/product/raku-ceramics/",
            "org": "The Curious Forge",
            "city": "Nevada County",
            "why": "Studio offering raku classes in Nevada County"
          },
          {
            "url": "https://acga.net/classes/",
            "org": "ACGA",
            "city": "Multiple",
            "why": "American Ceramic Glaze Association class listings directory"
          },
          {
            "url": "https://www.smaartstudio.com/",
            "org": "SMAART Studio",
            "city": "San Francisco",
            "why": "Studio offering raku workshops and multi-week classes in SF"
          },
          {
            "url": "https://www.clayworksinc.org/raku",
            "org": "Clayworks",
            "city": "San Francisco",
            "why": "Studio offering raku classes (10-week format)"
          }
        ]
      },
      {
        "q": "raku community firing California",
        "n_results": 10,
        "kept": [
          {
            "url": "https://www.watervillecreates.org/shows/community-raku-firing/",
            "org": "Waterville Creates",
            "city": "Unknown",
            "why": "Community raku firing event (location verification needed)"
          },
          {
            "url": "https://www.watervillecreates.org/clay-studio/raku-firing/",
            "org": "Waterville Creates",
            "city": "Unknown",
            "why": "Clay studio with raku firing capability (location verification needed)"
          },
          {
            "url": "https://www.clayfolkstudio.com/workshops-1",
            "org": "CLAYFOLK Studio",
            "city": "Occidental",
            "why": "Studio offering community workshops including raku"
          },
          {
            "url": "https://www.clayroomsf.com/workshop",
            "org": "Clay Room",
            "city": "San Francisco",
            "why": "Studio offering community workshops"
          }
        ]
      },
      {
        "q": "raku private firing California",
        "n_results": 10,
        "kept": [
          {
            "url": "https://www.active.com/manhattan-beach-ca/classes/raku-2026-109783961",
            "org": "Manhattan Beach Arts Center",
            "city": "Manhattan Beach",
            "why": "Private raku firing classes scheduled multiple times in 2026"
          }
        ]
      },
      {
        "q": "raku by appointment California",
        "n_results": 10,
        "kept": [
          {
            "url": "https://www.independent.com/?p=347013",
            "org": "Independent (article)",
            "city": "Goleta",
            "why": "Article about Clay Studio raku workshops in Goleta area"
          }
        ]
      },
      {
        "q": "pit fire workshop California",
        "n_results": 9,
        "kept": [
          {
            "url": "https://www.mikisr.com/events/pit-firing-workshop-at-common-clay-space-in-cupertino-ca",
            "org": "Common Clay Space / Miki Shim Ceramics",
            "city": "Cupertino",
            "why": "Pit firing workshop with instruction in ceramic firing technique"
          },
          {
            "url": "https://claycreationspacifica.com/firing-workshops/",
            "org": "Clay Creation Spacifica",
            "city": "Spacifica",
            "why": "Studio offering soda firing and atmospheric firing workshops including pit fire"
          },
          {
            "url": "https://patch.com/california/millvalley/september-pit-fire-mill-valley-potters-studio",
            "org": "Mill Valley Potter's Studio",
            "city": "Mill Valley",
            "why": "Studio offering pit fire workshops with scheduled burnishing and firing dates"
          }
        ]
      },
      {
        "q": "pit fire class California",
        "n_results": 9,
        "kept": []
      },
      {
        "q": "pit fire community firing California",
        "n_results": 10,
        "kept": []
      },
      {
        "q": "pit fire private firing California",
        "n_results": 8,
        "kept": []
      },
      {
        "q": "pit fire by appointment California",
        "n_results": 10,
        "kept": []
      },
      {
        "q": "saggar workshop California",
        "n_results": 10,
        "kept": [
          {
            "url": "https://www.panamapotterysacramento.com/are-there-any-pottery-classes-that-teach-saggar-firing-techniques-in-sacramento-california",
            "org": "Panama Pottery",
            "city": "Sacramento",
            "why": "Offers pottery classes including saggar firing techniques"
          },
          {
            "url": "https://www.cantonclayworks.com/saggar-workshops",
            "org": "Canton Clay Works",
            "why": "Offers saggar workshops for pottery"
          },
          {
            "url": "https://johnbrittpottery.blogspot.com/2011/07/aluminum-foil-saggar-fire-workshop.html",
            "org": "John Britt Pottery",
            "why": "Aluminum foil saggar fire workshop documentation"
          },
          {
            "url": "https://www.teachinart.com/alternative-firing.html",
            "org": "Teaching Art",
            "why": "Online classes for raku, obvara, and saggar firing"
          },
          {
            "url": "https://alisonwestceramics.com/shop/ols/products/saggar-barrel-and-raku-firing-workshop",
            "org": "Alison West Ceramics",
            "why": "Saggar, barrel, raku, and horsehair firing workshop"
          },
          {
            "url": "https://www.lexart.org/event-details/saggar-workshop-with-shamai-gibsh",
            "org": "Lex Art",
            "why": "Saggar workshop with artist Shamai Gibsh"
          }
        ]
      },
      {
        "q": "saggar class California",
        "n_results": 9,
        "kept": [
          {
            "url": "https://www.panamapotterysacramento.com/are-there-any-pottery-classes-that-teach-saggar-firing-techniques-in-sacramento-california",
            "org": "Panama Pottery",
            "city": "Sacramento",
            "why": "Pottery classes with saggar firing techniques"
          },
          {
            "url": "https://www.teachinart.com/alternative-firing.html",
            "org": "Teaching Art",
            "why": "Online saggar, raku, and obvara firing classes"
          }
        ]
      },
      {
        "q": "saggar community firing California",
        "n_results": 9,
        "kept": [
          {
            "url": "https://www.panamapotterysacramento.com/are-there-any-pottery-classes-that-teach-saggar-firing-techniques-in-sacramento-california",
            "org": "Panama Pottery",
            "city": "Sacramento",
            "why": "Community pottery classes with saggar firing"
          },
          {
            "url": "https://community.ceramicartsdaily.org/",
            "org": "Ceramic Arts Daily Community",
            "why": "Online community forum and resource listing saggar firing information"
          }
        ]
      },
      {
        "q": "saggar private firing California",
        "n_results": 8,
        "kept": [
          {
            "url": "https://theumbrellaarts.org/node/1878",
            "org": "The Umbrella Arts",
            "why": "Spring adult saggar workshop offering"
          },
          {
            "url": "https://dilucaceramics.com/blogs/techniques/saggar-firing",
            "org": "Diluca Ceramics",
            "why": "Saggar firing technique blog and potential studio location"
          }
        ]
      },
      {
        "q": "saggar by appointment California",
        "n_results": 9,
        "kept": []
      },
      {
        "q": "wood fire workshop California",
        "n_results": 10,
        "kept": [
          {
            "url": "https://www.eventbrite.com/e/wood-firing-workshop-tickets-1689565659369",
            "org": "Laney College / Mary Catherine Bassett",
            "city": "Oakland",
            "why": "Wood firing workshop covering the wood fire process and ceramic studio skills"
          },
          {
            "url": "https://www.sebarts.org/classeslectures/p/ceramics-soda-firing-with-wood-workshop",
            "org": "Sebastopol Center For the Arts",
            "city": "Sebastopol",
            "why": "Ceramics soda firing with wood workshop"
          },
          {
            "url": "https://www.mikisr.com/events",
            "org": "Miki Shim Ceramics",
            "why": "Woodfire workshops including Stoked firing events in California"
          },
          {
            "url": "https://www.johndix.com/inperson-workshops",
            "org": "John Dix",
            "city": "Northern California",
            "why": "In-person wood-firing workshops including Mendocino Arts Center workshops and woodfiring extravaganza"
          }
        ]
      },
      {
        "q": "wood fire class California",
        "n_results": 9,
        "kept": []
      },
      {
        "q": "wood fire community firing California",
        "n_results": 9,
        "kept": []
      },
      {
        "q": "wood fire private firing California",
        "n_results": 9,
        "kept": []
      },
      {
        "q": "wood fire by appointment California",
        "n_results": 10,
        "kept": []
      },
      {
        "q": "wood firing workshop California",
        "n_results": 10,
        "kept": [
          {
            "url": "https://www.eventbrite.com/e/wood-firing-workshop-tickets-1355235107689",
            "org": "Eventbrite",
            "why": "Wood Firing Workshop listing - Sep 4, 2025 to Nov 20, 2025"
          },
          {
            "url": "https://www.eventbrite.com/e/wood-firing-workshop-tickets-1689565659369",
            "org": "Eventbrite",
            "why": "Wood Firing Workshop listing - Feb 5 to Apr 23"
          },
          {
            "url": "https://www.eventbrite.com/e/wood-firing-workshop-tickets-1987875889297",
            "org": "Eventbrite",
            "why": "Wood Firing Workshop listing - Sep 3 to Nov 19"
          },
          {
            "url": "https://www.sebarts.org/classeslectures/p/ceramics-soda-firing-with-wood-workshop",
            "org": "Sebastopol Center For the Arts, California",
            "why": "Ceramics soda firing with wood workshop class"
          },
          {
            "url": "https://www.rubysclaystudio.org/workshops",
            "org": "Ruby's Clay Studio & Gallery, California",
            "why": "Ceramics workshops directory"
          },
          {
            "url": "https://www.johndix.com/inperson-workshops",
            "org": "John Dix, California",
            "why": "In-person ceramics workshops including firing workshops"
          },
          {
            "url": "https://kazegama.com/workshops/",
            "org": "Kazegama, Bombay Beach, California",
            "why": "Wood-fired ceramic workshops with kiln producing wood-fired surfaces in 8 hours"
          },
          {
            "url": "https://www.commonclayspace.com/store/p/woodfire2026",
            "org": "Common Clay Space, Cupertino, California",
            "why": "Fall Wood Firing Workshop - five-week traditional wood-fired ceramics class"
          }
        ]
      },
      {
        "q": "wood firing class California",
        "n_results": 9,
        "kept": [
          {
            "url": "https://www.sebarts.org/classeslectures/p/ceramics-soda-firing-with-wood-workshop",
            "org": "Sebastopol Center For the Arts, California",
            "why": "Ceramics soda firing with wood workshop class"
          },
          {
            "url": "https://www.eventbrite.com/e/wood-firing-workshop-tickets-1987875889297",
            "org": "Eventbrite/Laney College, Oakland",
            "why": "Wood Firing Workshop at Laney College - intermediate ceramics class Feb-Apr"
          },
          {
            "url": "https://classbento.com/beach-pit-firing-pottery-course-los-angeles",
            "org": "ClassBento, Los Angeles",
            "why": "Beach Pit Firing Pottery Course - sawdust and wood firing techniques"
          },
          {
            "url": "https://www.rubysclaystudio.org/workshops",
            "org": "Ruby's Clay Studio & Gallery, California",
            "why": "Ceramics workshops directory"
          },
          {
            "url": "https://laney.edu/art/workshops-and-events/",
            "org": "Laney College, Oakland, California",
            "why": "Art workshops and events including wood firing classes"
          },
          {
            "url": "https://yellowsprings.org/wood-kiln-firing/",
            "org": "Historic Yellow Springs, California",
            "why": "Wood kiln firing workshops and community access"
          }
        ]
      },
      {
        "q": "wood firing community firing California",
        "n_results": 9,
        "kept": [
          {
            "url": "https://yellowsprings.org/wood-kiln-firing/",
            "org": "Historic Yellow Springs, California",
            "why": "Wood kiln firing - community access to wood-fired pottery"
          },
          {
            "url": "https://tylerparkarts.org/woodkiln-firing/",
            "org": "Tyler Park Arts, California",
            "why": "Wood kiln firing community program"
          },
          {
            "url": "http://www.woodkiln.org/",
            "org": "Spring Valley Anagama, San Jose area, California",
            "why": "100 cubic foot anagama kiln - community of potters wood firing"
          },
          {
            "url": "https://www.commonclayspace.com/store/p/woodfire2026",
            "org": "Common Clay Space, Cupertino, California",
            "why": "Five-week wood firing workshop with community participation and stoking shifts"
          }
        ]
      },
      {
        "q": "wood firing private firing California",
        "n_results": 9,
        "kept": [
          {
            "url": "https://site.corsizio.com/c/6331f4b34ab8bc6e82bcfa64",
            "org": "Corsizio Events, California",
            "why": "136th Noborigama Kiln Firing - collaborative multi-day pottery firing event"
          }
        ]
      },
      {
        "q": "wood firing by appointment California",
        "n_results": 10,
        "kept": [
          {
            "url": "https://site.corsizio.com/c/6331f4b34ab8bc6e82bcfa64",
            "org": "Woolman (Nevada City)",
            "why": "136th Noborigama Kiln Firing - historic wood-fired climbing kiln, multi-day firing event, participants can fire pieces"
          },
          {
            "url": "https://www.mendocinoartcenter.org/workshops/p/a-woodfire-ceramics-workshop-with-katie-applebaum-may-13-19",
            "org": "Mendocino Art Center",
            "city": "Mendocino",
            "why": "Woodfire ceramics workshop with professional instruction in wood-fired pottery techniques"
          },
          {
            "url": "https://andersonranch.org/programs/locals-clubs",
            "org": "Anderson Ranch",
            "why": "Locals Clubs program including wood/soda kiln firing access by appointment"
          }
        ]
      },
      {
        "q": "soda firing private firing California",
        "n_results": 9,
        "kept": [
          {
            "url": "https://www.theclaystudio.org/soda-kiln-firing",
            "org": "The Clay Studio",
            "why": "Soda kiln firing with upcoming firing dates listed; community firing access available"
          },
          {
            "url": "https://public.theclaystudio.org/public/classdirect/3739",
            "org": "The Clay Studio",
            "why": "Soda Kiln Community Firing event - participants can fire work in soda kiln"
          },
          {
            "url": "https://sebarts.org/classes-lectures/ceramics-soda-firing-with-wood-lecture",
            "org": "Sebastopol Center for the Arts",
            "city": "Sebastopol",
            "why": "Ceramics soda firing workshop with wood firing component"
          }
        ]
      },
      {
        "q": "soda firing by appointment California",
        "n_results": 9,
        "kept": [
          {
            "url": "https://sonomacommunitycenter.org/programs/soda-club-firing-11525/",
            "org": "Sonoma Community Center",
            "city": "Sonoma",
            "why": "Soda Club Firing - ongoing access to soda kiln for community members, can schedule firings"
          },
          {
            "url": "https://patch.com/california/sonomavalley/calendar/event/20260124/fb0c651a-b5ae-48d8-8f46-4634b451bcbf/intro-to-mid-range-soda-fire-workshop",
            "org": "Sonoma Community Center",
            "city": "Sonoma Valley",
            "why": "Intro to Mid-Range Soda Fire Workshop - hands-on soda firing instruction"
          },
          {
            "url": "https://www.andersonranch.org/add-event-to-calendar/?q=4481",
            "org": "Anderson Ranch",
            "why": "Soda firing workshop/event available by appointment"
          }
        ]
      },
      {
        "q": "salt firing workshop California",
        "n_results": 10,
        "kept": [
          {
            "url": "https://events.humanitix.com/skill-building-workshop-salt-firing-w-nathan-stanfield",
            "org": "AMOCA (American Museum of Ceramic Art)",
            "city": "Pomona",
            "why": "Skill Building Workshop: Salt Firing with Nathan Stanfield - hands-on salt firing workshop, participants fire their own work"
          },
          {
            "url": "https://www.amoca.org/studio1/workshops/",
            "org": "AMOCA (American Museum of Ceramic Art)",
            "city": "Pomona",
            "why": "Workshops & Specialty Classes directory listing ceramics programs including firing workshops"
          },
          {
            "url": "https://mnet.mwpai.org/product/32608",
            "org": "Munson School of Art",
            "why": "Salt-Fired Ceramics workshop - six-week program exploring atmospheric firing techniques"
          },
          {
            "url": "https://www.sebarts.org/classeslectures/p/ceramics-soda-firing-with-wood-workshop",
            "org": "Sebastopol Center for the Arts",
            "city": "Sebastopol",
            "why": "Ceramics workshop combining soda and wood firing techniques"
          }
        ]
      },
      {
        "q": "salt firing community firing California",
        "n_results": 9,
        "kept": []
      },
      {
        "q": "salt firing private firing California",
        "n_results": 9,
        "kept": []
      },
      {
        "q": "salt firing by appointment California",
        "n_results": 10,
        "kept": [
          {
            "url": "https://amoca.org/studio1/workshops",
            "org": "AMOCA (American Museum of Ceramic Art)",
            "city": "Pomona",
            "why": "Museum offering hands-on ceramic workshops including salt firing techniques"
          }
        ]
      },
      {
        "q": "anagama workshop California",
        "n_results": 10,
        "kept": [
          {
            "url": "http://www.woodkiln.org/",
            "org": "Spring Valley Anagama",
            "city": "San Jose",
            "why": "Community-run 100 cubic foot anagama wood-fired kiln hosting workshops and firings"
          },
          {
            "url": "https://www.adamahartstudio.org/event-details/anagama-wood-fire-with-joe-cole",
            "org": "Adama Hart Studio",
            "why": "Offers anagama wood fire workshops led by experienced potters"
          },
          {
            "url": "https://www.cobbartandecology.org/facilities",
            "org": "Cobb Mountain Art and Ecology Project",
            "city": "Lake County",
            "why": "80-acre property with anagama kiln and other firing kilns (Train, Cross Draft, Gas, Electric); hosts workshops"
          },
          {
            "url": "https://www.mikisr.com/events",
            "org": "Miki Shim Ceramics",
            "why": "Ceramic artist offering wood-fire workshops including anagama firing events"
          }
        ]
      },
      {
        "q": "anagama class California",
        "n_results": 10,
        "kept": [
          {
            "url": "http://www.woodkiln.org/",
            "org": "Spring Valley Anagama",
            "city": "San Jose",
            "why": "Community anagama kiln hosting classes and workshops for ceramic firing"
          },
          {
            "url": "https://www.cobbartandecology.org/facilities",
            "org": "Cobb Mountain Art and Ecology Project",
            "city": "Lake County",
            "why": "22-foot anagama kiln firing 2 times annually; offers classes and community firing participation"
          },
          {
            "url": "https://www.mikisr.com/events",
            "org": "Miki Shim Ceramics",
            "why": "Offers anagama firing classes and workshops"
          }
        ]
      },
      {
        "q": "anagama community firing California",
        "n_results": 10,
        "kept": [
          {
            "url": "https://lakecountyfeatures.substack.com/p/field-notes-kilns-craft-and-community",
            "org": "Cobb Mountain Art and Ecology Project",
            "city": "Lake County",
            "why": "Article describing community kiln operations and anagama firing events at this facility"
          },
          {
            "url": "http://www.woodkiln.org/",
            "org": "Spring Valley Anagama",
            "city": "San Jose",
            "why": "100 cubic foot community-run anagama kiln with regular firings open to potters"
          },
          {
            "url": "https://www.eastcreekart.org/",
            "org": "East Creek Art",
            "why": "Art facility with community kiln access and firing participation"
          },
          {
            "url": "https://lakecountyfeatures.substack.com/p/cobb-mountain-art-and-ecology-project",
            "org": "Cobb Mountain Art and Ecology Project",
            "city": "Lake County",
            "why": "Article about community clay firing events and kiln operations"
          },
          {
            "url": "https://www.adamahartstudio.org/events/anagama-woodfire/",
            "org": "Adamah Art Studios",
            "why": "Community anagama woodfire events and firings"
          }
        ]
      },
      {
        "q": "anagama private firing California",
        "n_results": 10,
        "kept": []
      },
      {
        "q": "anagama by appointment California",
        "n_results": 9,
        "kept": []
      },
      {
        "q": "obvara workshop California",
        "n_results": 10,
        "kept": [
          {
            "url": "https://www.clayroomsf.com/workshop",
            "org": "Clay Room SF",
            "city": "San Francisco",
            "why": "Workshop directory for obvara and other pottery techniques"
          },
          {
            "url": "https://higherfirestudios.com/event/obvara-firing-workshop-i/",
            "org": "Higher Fire Studios",
            "city": "San Jose",
            "why": "Obvara firing workshop, morning session"
          },
          {
            "url": "https://higherfirestudios.com/event/obvara-firing-workshop-ii/",
            "org": "Higher Fire Studios",
            "city": "San Jose",
            "why": "Obvara firing workshop, afternoon session"
          },
          {
            "url": "https://shelbyprindaville.com/upcoming-events-and-blog/2023/10/30/an-obvara-raku-workshop",
            "org": "Shelby Prindaville",
            "city": "San Gregorio",
            "why": "Obvara raku workshop event listing"
          },
          {
            "url": "https://claycreationspacifica.com/artist-workshops/",
            "org": "Clay Creation Spacifica",
            "city": "Pacifica",
            "why": "Artist workshops directory including obvara"
          },
          {
            "url": "https://www.clayroomoakland.com/service-page/obvara-workshop",
            "org": "Clay Room Oakland",
            "city": "Oakland",
            "why": "Monthly obvara firing workshop offering"
          },
          {
            "url": "https://www.earthinterruptedpottery.com/about/",
            "org": "Earth Interrupted Pottery",
            "why": "Studio practicing obvara, pit, and raku firing"
          }
        ]
      },
      {
        "q": "obvara class California",
        "n_results": 10,
        "kept": [
          {
            "url": "https://ilwacoartworks.square.site/product/sat-3-22-obvara-raku-class-firing-2pm-5pm/1805?cs=true&cst=custom",
            "org": "Ilwaco Art Works",
            "why": "Obvara raku class and firing event"
          },
          {
            "url": "https://www.teachinart.com/alternative-firing.html",
            "org": "Teaching Art",
            "why": "Online class in raku/obvara/saggar firing techniques"
          }
        ]
      },
      {
        "q": "obvara community firing California",
        "n_results": 10,
        "kept": [
          {
            "url": "https://bethanyarts.org/calendar/obvara-pottery/",
            "org": "Bethany Arts Community",
            "why": "Obvara pottery firing community event"
          },
          {
            "url": "https://bethanyarts.org/product/pottery-firing/",
            "org": "Bethany Arts Community",
            "why": "Pottery firing community offering"
          },
          {
            "url": "https://www.earthinterruptedpottery.com/about/",
            "org": "Earth Interrupted Pottery",
            "why": "Studio practicing obvara firing"
          },
          {
            "url": "https://community.ceramicartsdaily.org/topic/4482-obvara-firing-technique/",
            "org": "Ceramic Arts Daily Community",
            "why": "Community forum discussing obvara firing technique and practices"
          },
          {
            "url": "https://community.ceramicartsdaily.org/topic/23161-question-regarding-obvara-firings/",
            "org": "Ceramic Arts Daily Community",
            "why": "Community forum questions and discussions about obvara firings"
          },
          {
            "url": "https://community.ceramicartsdaily.org/topic/4635-obvara-firing-technique/page/2/",
            "org": "Ceramic Arts Daily Community",
            "why": "Community forum discussion of obvara firing technique (page 2)"
          },
          {
            "url": "https://community.ceramicartsdaily.org/topic/6192-obvara-after-pit-firing/",
            "org": "Ceramic Arts Daily Community",
            "why": "Community forum discussing obvara combined with pit firing"
          },
          {
            "url": "https://community.ceramicartsdaily.org/topic/41434-obvara-in-same-firing-as-raku/",
            "org": "Ceramic Arts Daily Community",
            "why": "Community forum discussing obvara in same firing as raku"
          }
        ]
      },
      {
        "q": "obvara private firing California",
        "n_results": 10,
        "kept": []
      },
      {
        "q": "obvara by appointment California",
        "n_results": 10,
        "kept": []
      },
      {
        "q": "horsehair raku workshop California",
        "n_results": 10,
        "kept": [
          {
            "url": "https://www.clayartistsofsandiego.org/casd-workshops/casd-raku-workshop",
            "org": "Clay Artists of San Diego",
            "city": "San Diego",
            "why": "Raku workshop offering horsehair techniques"
          },
          {
            "url": "https://shelbyprindaville.com/upcoming-events-and-blog/2021/8/15/second-raku-workshop-horsehair-edition",
            "org": "Shelby Prindaville",
            "why": "Horsehair raku workshop event"
          },
          {
            "url": "https://www.stanleymarketplace.com/all-events/raku-pottery-workshop",
            "org": "Stanley Marketplace/Friend Assembly",
            "why": "Raku pottery workshop with horsehair techniques"
          },
          {
            "url": "https://higherfirestudios.com/event/mica-horsehair-raku-workshop-2pm-5pm/",
            "org": "Higher Fire Studios",
            "city": "San Jose",
            "why": "Mica horsehair raku workshop, afternoon session"
          },
          {
            "url": "https://higherfirestudios.com/event/mica-horsehair-raku-workshop-10am-1pm/",
            "org": "Higher Fire Studios",
            "city": "San Jose",
            "why": "Mica horsehair raku workshop, morning session"
          },
          {
            "url": "https://higherfirestudios.com/event/mica-horsehair-raku-workshop-6pm-9pm/",
            "org": "Higher Fire Studios",
            "city": "San Jose",
            "why": "Mica horsehair raku workshop, evening session"
          },
          {
            "url": "https://www.clayfolkstudio.com/workshops-1",
            "org": "CLAYFOLK Studio",
            "city": "Occidental",
            "why": "1-day raku firing retreats almost every Saturday with horsehair techniques"
          },
          {
            "url": "https://paseopottery.com/raku",
            "org": "Paseo Pottery",
            "why": "Raku workshops with horsehair and group firing options"
          }
        ]
      },
      {
        "q": "horsehair raku class California",
        "n_results": 9,
        "kept": [
          {
            "url": "https://www.thecrucible.org/product/horsehair-and-sugar-raku/",
            "org": "The Crucible",
            "city": "Oakland",
            "why": "Horsehair and sugar raku class, ages 16+"
          },
          {
            "url": "https://www.grandclayarts.com/alternative_firing_raku_horse.php",
            "org": "Grand Clay Arts",
            "why": "Alternative firing raku/horsehair class offering"
          },
          {
            "url": "https://www.blossomhillcrafts.com/horse-hair-raku.html",
            "org": "Blossom Hill Crafts",
            "why": "Horse hair raku class offering"
          },
          {
            "url": "https://paseopottery.com/raku",
            "org": "Paseo Pottery",
            "why": "Raku workshops including horsehair techniques for groups"
          },
          {
            "url": "https://www.artfulhome.com/products/ceramic-vessel-horsehair-raku-pottery-i-149792",
            "org": "Artful Home",
            "why": "Horsehair raku pottery art (shows active artists/makers in California)"
          },
          {
            "url": "https://www.artfulhome.com/products/ceramic-vessel-horsehair-raku-pottery-135706",
            "org": "Artful Home",
            "why": "Horsehair raku pottery art (shows active artists/makers in California)"
          }
        ]
      },
      {
        "q": "horsehair raku community firing California",
        "n_results": 10,
        "kept": [
          {
            "url": "https://bethanyarts.org/calendar/obvara-pottery/",
            "org": "Bethany Arts Community",
            "why": "Horsehair & obvara pottery community firing with Keith H. Gordon instructor"
          },
          {
            "url": "https://www.clayfolkstudio.com/workshops-1",
            "org": "CLAYFOLK Studio",
            "city": "Occidental",
            "why": "Community raku workshops almost every Saturday with horsehair techniques"
          },
          {
            "url": "https://higherfirestudios.com/event/mica-horsehair-raku-workshop-2pm-5pm/",
            "org": "Higher Fire Studios",
            "city": "San Jose",
            "why": "Community horsehair raku workshop"
          },
          {
            "url": "https://www.grandclayarts.com/alternative_firing_raku_horse.php",
            "org": "Grand Clay Arts",
            "why": "Alternative firing raku/horsehair community class"
          },
          {
            "url": "https://577foundation.recdesk.com/Community/Program/Detail?programId=3374",
            "org": "577 Foundation",
            "why": "Community raku program for horsehair and honey pots, ages 18+"
          },
          {
            "url": "https://community.ceramicartsdaily.org/topic/16279-horse-hair-rakuwhat-can-i-use-other-than-horse-hair/",
            "org": "Ceramic Arts Daily Community",
            "why": "Community forum discussion about horse hair raku techniques"
          },
          {
            "url": "https://community.ceramicartsdaily.org/topic/12856-horse-hair-firing/",
            "org": "Ceramic Arts Daily Community",
            "why": "Community forum discussion about horse hair firing techniques"
          }
        ]
      },
      {
        "q": "horsehair raku by appointment California",
        "n_results": 9,
        "kept": [
          {
            "url": "https://www.airbnb.com/experiences/888232",
            "org": "El Coyote Pottery",
            "city": "Joshua Tree",
            "why": "Horsehair raku experience by appointment with resident potter mentored by Brad Bachmeier"
          },
          {
            "url": "https://www.clayartcenter.org/artist-workshops-and-special-topics/alternative-firing-horsehair-raku",
            "org": "Clay Art Center",
            "city": "San Jose area",
            "why": "Alternative firing horsehair raku workshop available"
          }
        ]
      },
      {
        "q": "raku workshop Northern California",
        "n_results": 10,
        "kept": [
          {
            "url": "https://www.claybythebaysf.com/raku-workshops/",
            "org": "Clay By The Bay Pottery Studios",
            "city": "San Francisco",
            "why": "Raku workshops with outdoor kiln building and alternative firing methods"
          },
          {
            "url": "https://www.clayfolkstudio.com/workshops-1",
            "org": "CLAYFOLK Studio",
            "city": "Occidental",
            "why": "1-Day Raku Firing Retreats with horsehair and crackle glaze techniques; Saturdays Mar-May"
          },
          {
            "url": "https://makerhouse.org/events/2udyqkef9wflb81tyb611cx2avzx0b",
            "org": "Maker House",
            "city": "Goleta",
            "why": "Raku Firing Workshop scheduled Nov 8, 2025"
          },
          {
            "url": "https://studiochannelislands.org/events/raku-classes/",
            "org": "Studio Channel Islands",
            "city": "Ventura area",
            "why": "Raku pottery classes and workshops"
          }
        ]
      },
      {
        "q": "raku workshop Southern California",
        "n_results": 10,
        "kept": [
          {
            "url": "https://www.clayartistsofsandiego.org/casd-workshops/casd-raku-workshop",
            "org": "Clay Artists of San Diego (CASD)",
            "city": "San Diego",
            "why": "CASD Raku Workshop offering hands-on firing techniques"
          },
          {
            "url": "https://www.gbclayhouse.com/",
            "org": "Green & Bisque Clayhouse",
            "city": "Pasadena",
            "why": "Major ceramics studio offering quarterly raku firings free to members by lottery"
          },
          {
            "url": "https://sandiegocraft.org/product/ceramics-raku-firing/",
            "org": "San Diego Craft Collective",
            "city": "San Diego",
            "why": "Raku firing workshop led by instructor Steve Dilly"
          },
          {
            "url": "https://makerhouse.org/events/2udyqkef9wflb81tyb611cx2avzx0b",
            "org": "Maker House",
            "city": "Goleta",
            "why": "Raku Firing Workshop scheduled Nov 8, 2025"
          }
        ]
      },
      {
        "q": "wood firing workshop Northern California",
        "n_results": 10,
        "kept": [
          {
            "url": "https://www.eventbrite.com/e/wood-firing-workshop-tickets-1987875889297",
            "org": "Wood Firing Workshop",
            "why": "12-week wood firing ceramics workshop in Northern California"
          },
          {
            "url": "https://laney.edu/art/workshops-and-events/",
            "org": "Laney College",
            "city": "Oakland",
            "why": "12-week wood firing ceramics workshop for intermediate artists; $665-$765"
          },
          {
            "url": "https://www.commonclayspace.com/store/p/woodfire2026",
            "org": "Common Clay Space",
            "city": "Cupertino",
            "why": "5-week beginner wood firing workshop teaching kiln loading and ash effects"
          },
          {
            "url": "https://www.johndix.com/inperson-workshops",
            "org": "John Dix / Mendocino Arts Center",
            "city": "Mendocino",
            "why": "Woodfiring Extravaganza (Aug 15-17) with hands-on wood and soda kiln firing"
          },
          {
            "url": "https://claycreationspacifica.com/artist-workshops/",
            "org": "Clay Creation Spacifica",
            "city": "San Gregorio",
            "why": "Wood-soda firing workshops with visiting artists; $500"
          },
          {
            "url": "https://www.sebarts.org/classeslectures/p/ceramics-soda-firing-with-wood-workshop",
            "org": "Sebastopol Center For the Arts",
            "city": "Sebastopol",
            "why": "Ceramics soda firing with wood workshop"
          }
        ]
      },
      {
        "q": "soda firing workshop Northern California",
        "n_results": 10,
        "kept": [
          {
            "url": "https://www.sebarts.org/classeslectures/p/ceramics-soda-firing-with-wood-workshop",
            "org": "Sebastopol Center For the Arts",
            "city": "Sebastopol",
            "why": "Soda firing with wood workshop"
          },
          {
            "url": "https://www.eventbrite.com/e/skill-building-workshop-soda-firing-with-nathan-stanfield-tickets-927429114447",
            "org": "Skill Building Workshop with Nathan Stanfield",
            "why": "Soda firing workshop available through Eventbrite"
          },
          {
            "url": "https://sonomacommunitycenter.org/ceramics/",
            "org": "Sonoma Community Center",
            "city": "Sonoma Valley",
            "why": "Ceramics instruction with soda firing kiln access and 60+ hours open studio"
          },
          {
            "url": "https://patch.com/california/sonomavalley/calendar/event/20260425/18f84132-229a-4254-9060-7f36dec9fa4c/intro-to-mid-range-soda-firing-workshop",
            "org": "Sonoma Valley Soda Firing Workshop",
            "city": "Sonoma Valley",
            "why": "Intro to mid-range soda firing workshop; Apr 25-28, 2026"
          },
          {
            "url": "https://claycreationspacifica.com/firing-workshops/",
            "org": "Clay Creation Spacifica",
            "city": "San Gregorio",
            "why": "Soda firing workshops at Atmospheric Firing Center; Nov 7-21, 2026"
          },
          {
            "url": "https://www.johndix.com/inperson-workshops",
            "org": "John Dix / Mendocino Arts Center",
            "city": "Mendocino",
            "why": "Woodfiring Extravaganza includes wood-fired soda kiln firing (Aug 15-17)"
          }
        ]
      },
      {
        "q": "pit firing workshop Northern California",
        "n_results": 10,
        "kept": [
          {
            "url": "https://www.claybythebaysf.com/raku-workshops/",
            "org": "Clay By The Bay Pottery Studios",
            "city": "San Francisco",
            "why": "Offers pit firing workshops; ancient 30,000-year-old firing method"
          },
          {
            "url": "https://www.commonclayspace.com/store/p/pit-firing",
            "org": "Common Clay Space",
            "city": "Cupertino",
            "why": "Pit Firing Workshop with instructor Miki Shim; beach firing at Santa Cruz"
          },
          {
            "url": "https://www.mikisr.com/events/pit-firing-workshop-at-common-clay-space-in-cupertino-ca",
            "org": "Miki Shim Ceramics / Common Clay Space",
            "city": "Cupertino",
            "why": "Pit Firing Workshop; 3 days studio work + beach firing Feb 7, 2026"
          },
          {
            "url": "https://oribefiring.com/",
            "org": "Oribe Firing Center",
            "city": "San Gregorio",
            "why": "Atmospheric firing center with pit, raku, soda, wood, and rocket kilns; hands-on community"
          },
          {
            "url": "https://www.artillery-ag.com/sfpotterystudiostories/the-mini-pit-firing-guide-san-francisco-pottery-studio-stories",
            "org": "Artillery AG + Ceramics",
            "city": "San Francisco",
            "why": "Community ceramics studio offering pit fire workshops"
          },
          {
            "url": "https://www.wetravel.com/trips/camp-singers-x-artshack-ceramic-pit-firing-workshop-camp-singers-11326804",
            "org": "Camp Singers x Artshack",
            "why": "Ceramic pit firing workshop collaboration"
          }
        ]
      },
      {
        "q": "anagama workshop Northern California",
        "n_results": 10,
        "kept": [
          {
            "url": "https://www.cobbartandecology.org/facilities",
            "org": "Cobb Mountain Art and Ecology Project",
            "city": "Cobb Mountain (Lake County)",
            "why": "22-foot anagama kiln on 88-acre site; fired up to 8 days twice yearly; founded by Scott Parady"
          },
          {
            "url": "http://www.woodkiln.org/",
            "org": "Spring Valley Anagama",
            "city": "San Jose area",
            "why": "100 cubic foot anagama fired by local pottery community"
          },
          {
            "url": "https://www.adamahartstudio.org/events/anagama-woodfire/",
            "org": "Adamah Art Studios",
            "why": "Anagama woodfire events and workshops"
          },
          {
            "url": "http://www.mitchiburg.com/news/2016/5/22/new-work-from-the-flynn-creek-anagama",
            "org": "Flynn Creek Anagama",
            "why": "Active anagama kiln and community firing group"
          },
          {
            "url": "https://petersvalley.org/workshops/anagama-fire-form-material-and-the-art-of-embracing-the-unexpected/",
            "org": "Peters Valley School of Craft",
            "why": "Anagama workshop 'Anagama: Fire, Form, Material' Oct 14-26, 2026; led by Nick Schwartz & Scott Parady"
          },
          {
            "url": "https://www.oldhornestation.com/shop/p/japanese-pottery-and-anagama-workshop-23-31august-2025",
            "org": "Old Horne Station",
            "why": "Japanese Pottery and Anagama Workshop; Aug 23-31, 2025"
          }
        ]
      },
      {
        "q": "soda firing workshop Southern California",
        "n_results": 10,
        "kept": [
          {
            "url": "https://www.amoca.org/studio1/workshops/",
            "org": "American Museum of Ceramic Art (AMOCA)",
            "city": "Pomona",
            "why": "Soda Firing Skill Building Workshops with Nathan Stanfield and Haley Tessler - fires work in outdoor kiln"
          },
          {
            "url": "https://www.clayartistsofsandiego.org/casd-workshops/soda-firing-workshop-with-david-cuzick",
            "org": "Clay Artists of San Diego (CASD)",
            "city": "San Diego",
            "why": "Soda Firing Workshop with David Cuzick - specialized firing instruction"
          },
          {
            "url": "https://claycreationspacifica.com/firing-workshops/",
            "org": "Clay Creation Spacifica",
            "city": "Pacifica/San Gregorio",
            "why": "Atmospheric Firing Center offering soda firing workshops for members and non-members"
          },
          {
            "url": "https://www.sebarts.org/classeslectures/p/ceramics-soda-firing-with-wood-workshop",
            "org": "Sebastopol Center For the Arts",
            "city": "Sebastopol",
            "why": "Ceramics Soda Firing with Wood Workshop - specialized atmospheric firing techniques"
          },
          {
            "url": "https://oribefiring.com/",
            "org": "Oribe Firing Center",
            "city": "San Gregorio",
            "why": "Community for atmospheric firing offering pit, soda, raku and other specialized firings - workshops and private events"
          }
        ]
      },
      {
        "q": "pit firing workshop Southern California",
        "n_results": 10,
        "kept": [
          {
            "url": "https://www.mikisr.com/events/pit-firing-workshop-at-common-clay-space-in-cupertino-ca",
            "org": "Common Clay Space / Miki Shim Ceramics",
            "city": "Cupertino",
            "why": "Pit Firing Workshop Jan 30-Feb 7, 2026 - beach pit firing at Pine Tree State Park, Santa Cruz"
          },
          {
            "url": "https://oribefiring.com/",
            "org": "Oribe Firing Center",
            "city": "San Gregorio",
            "why": "Atmospheric firing community offering pit firings along California coast with workshops"
          },
          {
            "url": "https://claycreationspacifica.com/firing-workshops/",
            "org": "Clay Creation Spacifica",
            "city": "Pacifica/San Gregorio",
            "why": "Atmospheric Firing Center offering multiple firing types including pit firing"
          }
        ]
      },
      {
        "q": "raku workshop Bay Area",
        "n_results": 10,
        "kept": [
          {
            "url": "https://classbento.com/raku-firing-workshop-san-francisco",
            "org": "ClassBento",
            "city": "San Francisco",
            "why": "RAKU Firing Workshop - 2.5 hour raku classes, fire up to 3 pieces same-day"
          },
          {
            "url": "https://shop.claybythebaysf.com/products/raku-pottery-workshop",
            "org": "Clay By The Bay",
            "city": "San Francisco",
            "why": "Pottery studio offering raku workshops and atmospheric firing classes"
          },
          {
            "url": "https://www.smaartstudio.com/",
            "org": "SMAart Studio",
            "city": "San Francisco",
            "why": "Pottery classes with 1-day raku workshops at Sutter Street location with raku firing available"
          },
          {
            "url": "https://kickwheelsonoma.com/pages/studio-participation",
            "org": "Kickwheel Sonoma",
            "city": "Petaluma",
            "why": "Studio offering raku firing workshop participation (50-60 min north of SF)"
          },
          {
            "url": "https://www.clayfolkstudio.com/raku",
            "org": "CLAYFOLK studio",
            "city": "Occidental",
            "why": "1-day Raku Firing Retreats Feb-May 2026, 4-5 firings daily, runs 10am-4pm"
          },
          {
            "url": "https://www.timisaacpottery.com/workshops/raku-workshops/",
            "org": "Tim Isaac Pottery",
            "city": "Bay Area",
            "why": "Raku pottery workshops available"
          },
          {
            "url": "https://www.gbclayhouse.com/raku",
            "org": "GBC Home",
            "city": "Bay Area",
            "why": "Studio offering raku workshops"
          }
        ]
      },
      {
        "q": "wood firing workshop Bay Area",
        "n_results": 9,
        "kept": [
          {
            "url": "https://laney.edu/art/workshops-and-events/",
            "org": "Laney College",
            "city": "Oakland",
            "why": "12-week wood firing ceramics workshop - loading and firing train kiln, intermediate level"
          },
          {
            "url": "https://www.claybythebaysf.com/raku-workshops/",
            "org": "Clay By The Bay",
            "city": "San Francisco",
            "why": "Wood firing and atmospheric firing workshops, 747 Beach St"
          },
          {
            "url": "https://www.rubysclaystudio.org/workshops",
            "org": "Ruby's Clay Studio & Gallery",
            "city": "San Francisco area (near Half Moon Bay)",
            "why": "Wood firing workshops at site near Half Moon Bay, CA"
          },
          {
            "url": "https://www.sebarts.org/classeslectures/p/ceramics-soda-firing-with-wood-workshop",
            "org": "Sebastopol Center For the Arts",
            "city": "Sebastopol",
            "why": "Soda Firing with Wood Workshop - teaching wood-firing methods"
          },
          {
            "url": "https://claycreationspacifica.com/woodfiring/",
            "org": "Clay Creation Spacifica",
            "city": "Pacifica",
            "why": "Woodfiring kiln (under repair/renovation in 2025, new dates anticipated)"
          }
        ]
      },
      {
        "q": "soda firing workshop Bay Area",
        "n_results": 10,
        "kept": [
          {
            "url": "https://berkeleypottersstudio.org/upcoming-soda-firing-workshops",
            "org": "The Potters' Studio (Berkeley Potters Studio)",
            "city": "Berkeley",
            "why": "Upcoming Soda Firing Workshops for studio members and community potters"
          },
          {
            "url": "https://www.sebarts.org/classeslectures/p/ceramics-soda-firing-with-wood-workshop",
            "org": "Sebastopol Center For the Arts",
            "city": "Sebastopol",
            "why": "Soda Firing with Wood Workshop teaching glazing and atmospheric firing"
          },
          {
            "url": "https://www.amoca.org/studio1/workshops/",
            "org": "American Museum of Ceramic Art (AMOCA)",
            "city": "Pomona",
            "why": "Soda Firing Skill Building Workshops - also serves Bay Area visitors"
          },
          {
            "url": "https://patch.com/california/sonomavalley/calendar/event/20260425/18f84132-229a-4254-9060-7f36dec9fa4c/intro-to-mid-range-soda-firing-workshop",
            "org": "Intro to Mid-Range Soda Firing Workshop at Sonoma Community Center",
            "city": "Sonoma",
            "why": "April 25-28, 2026 soda firing workshop with crossdraft kiln training"
          },
          {
            "url": "https://claycreationspacifica.com/firing-workshops/",
            "org": "Clay Creation Spacifica",
            "city": "Pacifica/San Gregorio",
            "why": "Soda firing workshops at Atmospheric Firing Center (November 2026 session)"
          },
          {
            "url": "https://www.claybythebaysf.com/workshops/",
            "org": "Clay By The Bay",
            "city": "San Francisco",
            "why": "Ceramic workshops including atmospheric firing with soda and reduction"
          },
          {
            "url": "https://www.jlpottery.com/workshops",
            "org": "JL Pottery",
            "city": "Bay Area",
            "why": "Pottery workshops including soda firing"
          },
          {
            "url": "https://alisonpalmerstudio.com/49th-firing/",
            "org": "Alison Palmer Studio",
            "city": "Bay Area",
            "why": "Active firing events (referenced '49th firing' indicates established program)"
          }
        ]
      },
      {
        "q": "pit firing workshop Bay Area",
        "n_results": 10,
        "kept": [
          {
            "url": "https://ma.to/event/pit-firing-workshop-14-mar-2026",
            "org": "Artillery AG | SF Pottery Studio",
            "city": "San Francisco",
            "why": "Pit Firing Workshop March 14, 2026 - oldest firing method, all levels, bring bisque or make at studio"
          },
          {
            "url": "https://www.mikisr.com/events/pit-firing-workshop-at-common-clay-space-in-cupertino-ca",
            "org": "Common Clay Space / Miki Shim Ceramics",
            "city": "Cupertino",
            "why": "Pit Firing Workshop Jan 30-Feb 7, 2026 - hands-on instruction, beach firing"
          },
          {
            "url": "https://www.claybythebaysf.com/workshops/",
            "org": "Clay By The Bay",
            "city": "San Francisco",
            "why": "Ceramic workshops including atmospheric firing with pit firing options"
          },
          {
            "url": "https://oribefiring.com/",
            "org": "Oribe Firing Center",
            "city": "San Gregorio",
            "why": "Atmospheric firing center offering pit firings with workshops and group events"
          },
          {
            "url": "https://claycreationspacifica.com/firing-workshops/",
            "org": "Clay Creation Spacifica",
            "city": "Pacifica/San Gregorio",
            "why": "Atmospheric Firing Center offering multiple firing types including pit firing"
          }
        ]
      },
      {
        "q": "anagama workshop Bay Area",
        "n_results": 9,
        "kept": [
          {
            "url": "https://www.siue.edu/arts-and-sciences/art/studios-and-disciplines/ceramics-and-glass/the-anagama-project.shtml",
            "org": "Southern Illinois University Edwardsville",
            "why": "Anagama kiln studio and project—firing type relevant to search"
          },
          {
            "url": "https://petersvalley.org/workshops/anagama-fire-form-material-and-the-art-of-embracing-the-unexpected/",
            "org": "Peters Valley School of Craft",
            "why": "Anagama workshop teaching ceramic firing technique"
          },
          {
            "url": "https://www.mikisr.com/events",
            "org": "Miki Shim Ceramics",
            "city": "San Jose",
            "why": "Bay Area ceramic artist with wood-fired kiln access and events"
          },
          {
            "url": "https://www.internationalceramicsfestival.org/gas-kimishima-mini-anagama-kiln-workshop/",
            "org": "International Ceramics Festival",
            "why": "Gas-kiln mini-anagama workshop—alternative anagama firing variant"
          },
          {
            "url": "https://www.adamahartstudio.org/event-details/anagama-wood-fire-with-joe-cole",
            "org": "Adam Hart Studio",
            "why": "Anagama wood-fire workshop with instructor Joe Cole"
          },
          {
            "url": "https://www.oldhornestation.com/shop/p/japanese-pottery-and-anagama-workshop-23-31august-2025",
            "org": "Old Horne Station",
            "why": "Japanese pottery and anagama workshop scheduled event"
          },
          {
            "url": "https://jaywidmer.com/kiln.html",
            "org": "Jay Widmer Ceramics",
            "why": "Alsea Anagama Kiln—wood-fired pottery facility with public access information"
          }
        ]
      },
      {
        "q": "raku firing Los Angeles",
        "n_results": 10,
        "kept": [
          {
            "url": "https://www.viewarts.org/experience/pottery/raku-firing",
            "org": "View Arts",
            "why": "Raku firing pottery class and experience offering"
          },
          {
            "url": "https://www.active.com/manhattan-beach-ca/classes/pottery-and-ceramics-event-raku-2026-110597368",
            "org": "Active.com",
            "city": "Manhattan Beach",
            "why": "Raku pottery class in Manhattan Beach, CA area—September 2026 event"
          },
          {
            "url": "https://origin-a3.active.com/manhattan-beach-ca/classes/raku-2024-98168509",
            "org": "Active.com",
            "city": "Manhattan Beach",
            "why": "Raku pottery class listing in Manhattan Beach, CA"
          }
        ]
      },
      {
        "q": "raku class Los Angeles",
        "n_results": 10,
        "kept": [
          {
            "url": "https://archives.sbbotanicgarden.org/node/43886",
            "org": "Santa Barbara Botanic Garden",
            "city": "Santa Barbara",
            "why": "Raku pottery class offering archive"
          },
          {
            "url": "https://groundworksartlab.coursestorm.com/course/clay-adult-level-ii-specialty-raku-sat-june-27-aug-15-335-pro-rated-7wk-class-main?page=2",
            "org": "Groundworks Art Lab",
            "why": "Adult specialty raku class—seven week course with previous experience requirement"
          }
        ]
      },
      {
        "q": "wood firing workshop Los Angeles",
        "n_results": 9,
        "kept": [
          {
            "url": "https://laney.edu/art/workshops-and-events/",
            "org": "Laney College",
            "city": "Oakland",
            "why": "12-week wood firing workshop offering"
          },
          {
            "url": "https://www.mendocinoartcenter.org/workshops/p/wood-fire-extravaganza-firing-the-train-and-wood-soda-kiln-w-john-dix-aug-15-17",
            "org": "Mendocino Art Center",
            "city": "Mendocino",
            "why": "Wood-fire extravaganza workshop—train kiln and wood-soda kiln with instructor John Dix"
          },
          {
            "url": "https://academycenter.org/event/wood-fire-workshop-two-weekends/",
            "org": "Academy Center",
            "why": "Wood fire workshop—two-weekends intensive format"
          },
          {
            "url": "https://academycenter.org/event/wood-fire-workshop-two-weekends-2/",
            "org": "Academy Center",
            "why": "Wood fire workshop offering"
          },
          {
            "url": "https://academycenter.org/event/wood-fire-workshop-two-weekends-4-2/",
            "org": "Academy Center",
            "why": "Wood fire workshop offering"
          },
          {
            "url": "https://archiebraygallery.org/?p=1521905",
            "org": "Archie Bray Gallery",
            "why": "Introduction to woodfiring workshop-style class"
          }
        ]
      },
      {
        "q": "soda kiln firing Los Angeles",
        "n_results": 10,
        "kept": [
          {
            "url": "https://ceramicartsnetwork.org/daily/article/In-the-Soda-Zone",
            "org": "Ceramic Arts Network",
            "why": "Article about soda firing technique—directory reference"
          },
          {
            "url": "https://ofa.fas.harvard.edu/event/introduction-soda-firing-tom-hubbard.md",
            "org": "Harvard University",
            "why": "Introduction to soda firing workshop"
          },
          {
            "url": "https://jhuangstudio.substack.com/p/scenes-from-a-soda-firing",
            "org": "J Huang Studio",
            "why": "Article about soda firing—may name potter resources"
          },
          {
            "url": "https://www.pcc.edu/news/2016/05/students-soda-kiln/",
            "org": "Portland Community College",
            "city": "Portland",
            "why": "Soda kiln facility and student access program"
          },
          {
            "url": "https://ofa.fas.harvard.edu/event/soda-firing-adriana-sousa-estrella-summer-2026-summer-2026.md",
            "org": "Harvard University",
            "why": "Soda firing workshop summer 2026"
          },
          {
            "url": "https://ofa.fas.harvard.edu/event/soda-firing-workshop-tom-hubbard-fall-2026.md",
            "org": "Harvard University",
            "why": "Soda firing workshop fall 2026"
          },
          {
            "url": "https://www.thesteelyard.org/?p=2898",
            "org": "The Steelyard",
            "why": "Soda kiln firing spring 2020 event"
          },
          {
            "url": "https://ofa.fas.harvard.edu/event/soda-firing-denny-mclaughlin-spring-2026.md",
            "org": "Harvard University",
            "why": "Soda firing workshop spring 2026"
          }
        ]
      },
      {
        "q": "pit firing pottery Los Angeles",
        "n_results": 10,
        "kept": [
          {
            "url": "https://coursehorse.com/los-angeles/classes/art/pottery/ceramics/beach-pit-firing",
            "org": "CourseHorse",
            "city": "Los Angeles",
            "why": "Beach pit firing class at Dockweiler Beach—pit-firing pottery for all levels"
          },
          {
            "url": "https://coursehorse.com/los-angeles/classes/art/pottery/ceramics?page=2",
            "org": "CourseHorse",
            "city": "Los Angeles",
            "why": "Directory listing LA pottery ceramics classes including pit firing"
          },
          {
            "url": "https://coursehorse.com/los-angeles/classes/art/pottery?page=2",
            "org": "CourseHorse",
            "city": "Los Angeles",
            "why": "Directory of LA pottery classes"
          },
          {
            "url": "https://scholarship.claremont.edu/steam/vol2/iss2/2",
            "org": "Claremont University",
            "why": "Scholarly article about pit firing techniques"
          },
          {
            "url": "https://www.sfwomenartists.org/?p=32112",
            "org": "SF Women Artists",
            "why": "Sue Schwartz discusses pit firing process—artist reference"
          },
          {
            "url": "https://ma.to/venue/clayca_",
            "org": "CLAY CA",
            "city": "Los Angeles",
            "why": "CLAY CA ceramics studio offering pit firing and other techniques"
          },
          {
            "url": "https://ww2.genera.cl/post/top-35-pottery-classes-in-los-angeles",
            "org": "Genera",
            "city": "Los Angeles",
            "why": "Directory listing top 35 pottery classes in LA area"
          }
        ]
      },
      {
        "q": "raku firing San Francisco",
        "n_results": 10,
        "kept": [
          {
            "url": "https://www.downtownsac.org/events/shared-fire-a-raku-workshop-and-potluck/",
            "org": "Downtown Sacramento",
            "city": "Sacramento",
            "why": "Shared fire raku workshop and potluck—community firing event"
          },
          {
            "url": "https://www.viewarts.org/experience/pottery/raku-firing",
            "org": "View Arts",
            "why": "Raku firing pottery class and experience"
          },
          {
            "url": "https://blue-line-arts.locable.com/events/242830",
            "org": "Blue Line Arts",
            "why": "SCG Workshop II with Ray Gonzales—raku firing techniques"
          },
          {
            "url": "https://seattlepotterysupply.com/pages/raku-workshops",
            "org": "Seattle Pottery Supply",
            "why": "Raku workshops directory and information"
          },
          {
            "url": "https://ceramicartsnetwork.org/daily/raku-firing/1",
            "org": "Ceramic Arts Network",
            "why": "Directory and article about raku firing"
          },
          {
            "url": "https://ceramicartsnetwork.org/daily/raku-firing/2",
            "org": "Ceramic Arts Network",
            "why": "Directory and article about raku firing"
          }
        ]
      },
      {
        "q": "raku class San Francisco",
        "n_results": 10,
        "kept": [
          {
            "url": "https://icasandiego.org/?p=4908",
            "org": "ICA San Diego",
            "city": "San Diego",
            "why": "Raku course offering"
          },
          {
            "url": "https://icasandiego.org/event/raku-firing-ceramics-course-2025/",
            "org": "ICA San Diego",
            "city": "San Diego",
            "why": "Raku firing ceramics course 2025"
          },
          {
            "url": "https://georgeohr.org/tag/raku-class/",
            "org": "George Ohr Museum",
            "why": "Raku class tag and directory reference"
          },
          {
            "url": "https://blue-line-arts.locable.com/events/242830",
            "org": "Blue Line Arts",
            "why": "SCG Workshop II with Ray Gonzales—raku firing techniques"
          },
          {
            "url": "https://groundworksartlab.coursestorm.com/course/clay-adult-level-ii-specialty-raku-sat-june-27-aug-15-335-pro-rated-7wk-class-main?page=2",
            "org": "Groundworks Art Lab",
            "city": "Bay Area",
            "why": "Adult specialty raku class—seven-week course"
          },
          {
            "url": "https://www.ranchocordovaindependent.com/events/315132/scg-workshop-ll-with-ray-gonzales-raku-firing-techniques",
            "org": "Rancho Cordova Independent",
            "why": "Event listing for SCG Workshop II raku firing"
          },
          {
            "url": "https://www.citrusheightsmessenger.com/events/315132/scg-workshop-ll-with-ray-gonzales-raku-firing-techniques",
            "org": "Citrus Heights Messenger",
            "why": "Event listing for SCG Workshop II raku firing"
          },
          {
            "url": "https://www.bluelinearts.org/event/scg-workshop-ll-with-ray-gonzales-raku-firing-techniques",
            "org": "Blue Line Arts",
            "why": "SCG Workshop II with Ray Gonzales—raku firing techniques"
          }
        ]
      },
      {
        "q": "wood firing workshop San Francisco",
        "n_results": 9,
        "kept": [
          {
            "url": "https://laney.edu/art/workshops-and-events/",
            "org": "Laney College",
            "city": "Oakland",
            "why": "Offers 12-week wood firing ceramics workshop; intermediate level; loads kiln, fires as team"
          },
          {
            "url": "https://academycenter.org/event/wood-fire-workshop-two-weekends-4-2/",
            "org": "Academy Center",
            "city": "San Francisco",
            "why": "Wood fire workshop event"
          },
          {
            "url": "https://academycenter.org/event/wood-fire-workshop-two-weekends/",
            "org": "Academy Center",
            "city": "San Francisco",
            "why": "Wood fire workshop event"
          },
          {
            "url": "https://ma.to/event/soda-firing-workshop-25-jul-2026",
            "org": "Uncle Paul's North Beach",
            "city": "San Francisco",
            "why": "Three-part atmospheric soda firing workshop; outdoor firing; piece-making"
          },
          {
            "url": "https://ma.to/event/pit-firing-workshop-20-sep-2026",
            "org": "Artillery Ceramics Studio",
            "city": "San Francisco",
            "why": "Pit firing workshop; ancestral firing method; Mission District"
          },
          {
            "url": "https://missionlocal.org/venue/artillery-ag",
            "org": "Artillery AG",
            "city": "San Francisco",
            "why": "Community-focused pottery studio with firing workshops; Mission District"
          }
        ]
      },
      {
        "q": "soda kiln firing San Francisco",
        "n_results": 10,
        "kept": [
          {
            "url": "https://ma.to/event/soda-firing-workshop-25-jul-2026",
            "org": "Uncle Paul's North Beach",
            "city": "San Francisco",
            "why": "Three-part atmospheric soda firing workshop; July 25 start; outdoor soda firing"
          },
          {
            "url": "https://ma.to/venue/artilleryag",
            "org": "Artillery AG",
            "city": "San Francisco",
            "why": "Pottery studio with firing programs; Mission District"
          },
          {
            "url": "https://exhibits.ced.berkeley.edu/items/show/1359",
            "org": "UC Berkeley",
            "city": "Berkeley",
            "why": "Kiln firing exhibition/documentation; ceramic arts at UC Berkeley"
          }
        ]
      },
      {
        "q": "pit firing pottery San Francisco",
        "n_results": 9,
        "kept": [
          {
            "url": "https://www.sfwomenartists.org/?p=32112",
            "org": "SF Women Artists",
            "city": "San Francisco",
            "why": "Sue Schwartz discusses pit firing process; Bay Area artist/community"
          },
          {
            "url": "https://missionlocal.org/venue/artillery-ag",
            "org": "Artillery AG",
            "city": "San Francisco",
            "why": "Community pottery studio; pit firing gatherings; ancestral firing methods"
          },
          {
            "url": "https://ma.to/event/pit-firing-workshop-20-sep-2026",
            "org": "Artillery Ceramics Studio",
            "city": "San Francisco",
            "why": "Pit firing workshop; September 20; oldest ceramic firing method"
          }
        ]
      },
      {
        "q": "raku firing Oakland",
        "n_results": 9,
        "kept": [
          {
            "url": "https://www.viewarts.org/experience/pottery/raku-firing",
            "org": "View Arts",
            "city": "Oakland",
            "why": "Wood-fired raku firing events; purchase pot and watch firing; hourly firing schedule"
          },
          {
            "url": "https://www.viewarts.org/experience/pottery/fall-raku-firing/",
            "org": "View Arts",
            "city": "Oakland",
            "why": "Fall raku firing events; participant firing experience"
          },
          {
            "url": "https://www.viewarts.org/experience/experiences/fall-raku-firing/",
            "org": "View Arts",
            "city": "Oakland",
            "why": "Fall raku firing experience; community pottery engagement"
          },
          {
            "url": "https://www.viewarts.org/experience/pottery/neighbor-day-raku-firing",
            "org": "View Arts",
            "city": "Oakland",
            "why": "Neighbor day raku firing events; community access to raku firings"
          }
        ]
      },
      {
        "q": "raku class Oakland",
        "n_results": 9,
        "kept": [
          {
            "url": "https://groundworksartlab.coursestorm.com/category/adult-classes1?page=4",
            "org": "Groundworks Art Lab",
            "city": "Oakland",
            "why": "Adult pottery classes including specialty raku instruction"
          },
          {
            "url": "https://groundworksartlab.coursestorm.com/category/adult-session-4-2026?page=1",
            "org": "Groundworks Art Lab",
            "city": "Oakland",
            "why": "Adult session raku classes; 2026 schedule available"
          },
          {
            "url": "https://patch.com/california/sonomavalley/calendar/event/20260110/57fa6f73-5a41-4e0a-a749-2f892bfdbe37/intro-to-raku",
            "org": "Community event listing",
            "city": "Sonoma Valley",
            "why": "Intro to raku class in Sonoma Valley; accessible to Bay Area participants"
          },
          {
            "url": "https://groundworksartlab.coursestorm.com/course/clay-adult-level-ii-specialty-raku-sat-june-27-aug-15-335-pro-rated-7wk-class-main?page=2",
            "org": "Groundworks Art Lab",
            "city": "Oakland",
            "why": "Level II specialty raku class; intermediate instruction; summer 2026"
          }
        ]
      },
      {
        "q": "wood firing workshop Oakland",
        "n_results": 10,
        "kept": [
          {
            "url": "https://wanderlog.com/place/details/382220/the-crucible",
            "org": "The Crucible",
            "city": "Oakland",
            "why": "Fire arts studio; workshops in fire and performance; metal and craft arts"
          },
          {
            "url": "https://www.mendocinoartcenter.org/july-woodfire/p/a-woodfire-ceramics-workshop-with-katie-applebaum-may-13-19",
            "org": "Mendocino Art Center",
            "city": "Mendocino",
            "why": "Woodfire ceramics workshop; Katie Applebaum instruction; accessible to Bay Area"
          },
          {
            "url": "https://archiebraygallery.org/?p=1521905",
            "org": "Archie Bray Gallery",
            "city": "Helena",
            "why": "Introduction to woodfiring workshop; potential resource"
          }
        ]
      },
      {
        "q": "soda kiln firing Oakland",
        "n_results": 9,
        "kept": [
          {
            "url": "https://jhuangstudio.substack.com/p/scenes-from-a-soda-firing",
            "org": "J Huang Studio",
            "city": "San Francisco",
            "why": "Documentation of soda firing process; Bay Area artist resource"
          },
          {
            "url": "https://ceramicartsnetwork.org/category/firing-techniques/salt-firing-and-soda-firing/",
            "org": "Ceramics Arts Network",
            "city": "Online",
            "why": "Directory/reference for salt and soda firing techniques and resources"
          }
        ]
      },
      {
        "q": "pit firing pottery Oakland",
        "n_results": 9,
        "kept": [
          {
            "url": "https://www.thesteelyard.org/product/pit-fired-ceramics/",
            "org": "The Steel Yard",
            "city": "Providence",
            "why": "Pit-fired ceramics classes and workshops; community arts organization"
          }
        ]
      },
      {
        "q": "raku firing San Diego",
        "n_results": 10,
        "kept": [
          {
            "url": "https://icasandiego.org/event/raku-firing-ceramics-course-2025/2024-10-28/",
            "org": "ICA (Institute of Contemporary Art) San Diego",
            "why": "Offers six-week raku firing course with instruction in firing and reduction techniques"
          },
          {
            "url": "https://www.weekendnotes.com/pottery-after-dark-sala/",
            "org": "SALA / Pottery after Dark",
            "why": "Event listing that may offer pottery firing activities"
          }
        ]
      },
      {
        "q": "raku class San Diego",
        "n_results": 10,
        "kept": [
          {
            "url": "https://icasandiego.org/event/raku-firing-ceramics-course-2025/",
            "org": "ICA North - Institute of Contemporary Art San Diego",
            "why": "Six-week raku course with hands-on firing and reduction; free month studio membership after class"
          },
          {
            "url": "https://groundworksartlab.coursestorm.com/course/clay-adult-level-ii-specialty-raku-sat-june-27-aug-15-335-pro-rated-7wk-class-main",
            "org": "Groundworks Art Lab",
            "why": "Seven-week raku specialty class with final firing participation and post-firing reduction techniques"
          },
          {
            "url": "https://www.clay-king.com/product/raku-class-may-2nd-2026/",
            "org": "Clay-King",
            "why": "Saturday raku class offering with day-long session for prepared pieces"
          }
        ]
      },
      {
        "q": "wood firing workshop San Diego",
        "n_results": 10,
        "kept": [
          {
            "url": "https://archiebraygallery.org/?p=1521905",
            "org": "Archie Bray Gallery",
            "why": "Introduction to woodfiring workshop-style class offering"
          },
          {
            "url": "https://ww2.genera.cl/post/top-33-pottery-classes-in-san-diego",
            "org": "Genera directory - Top 33 Pottery Classes in San Diego",
            "why": "Directory listing pottery classes in San Diego area; may include wood firing options"
          },
          {
            "url": "https://www.mendocinoartcenter.org/workshops/p/wood-fire-extravaganza-firing-the-train-and-wood-soda-kiln-w-john-dix-aug-15-17",
            "org": "Mendocino Art Center",
            "city": "Northern California",
            "why": "Wood-fire extravaganza workshop firing train and soda kilns; accessible California location"
          },
          {
            "url": "https://laney.edu/art/workshops-and-events/",
            "org": "Laney College",
            "city": "Bay Area, California",
            "why": "12-week wood firing ceramics workshop for intermediate artists"
          }
        ]
      },
      {
        "q": "soda kiln firing San Diego",
        "n_results": 10,
        "kept": [
          {
            "url": "https://www.thesteelyard.org/?p=2898",
            "org": "The Steel Yard",
            "why": "Soda kiln firing workshop offering"
          }
        ]
      },
      {
        "q": "pit firing pottery San Diego",
        "n_results": 10,
        "kept": [
          {
            "url": "https://ww2.genera.cl/post/top-33-pottery-classes-in-san-diego",
            "org": "Genera directory - Top 33 Pottery Classes in San Diego",
            "why": "Directory of San Diego pottery classes; resource for identifying firing locations"
          },
          {
            "url": "https://www.thesteelyard.org/product/pit-fired-ceramics/",
            "org": "The Steel Yard",
            "why": "Pit-fired ceramics workshop offering"
          },
          {
            "url": "https://www.kpbs.org/events/ongoing/kiln-magic",
            "org": "KPBS - Kiln Magic",
            "why": "San Diego public media event related to kilns/firing"
          }
        ]
      },
      {
        "q": "raku firing Sacramento",
        "n_results": 9,
        "kept": [
          {
            "url": "https://www.downtownsac.org/events/shared-fire-a-raku-workshop-and-potluck/",
            "org": "Verge Center for the Arts / Shared Fire Workshop",
            "why": "Immersive raku workshop with hand-building and dramatic raku firing; includes celebratory raku party"
          },
          {
            "url": "https://www.viewarts.org/experience/pottery/raku-firing",
            "org": "View Arts",
            "why": "Raku firing pottery experience and instruction"
          },
          {
            "url": "https://www.viewarts.org/experience/pottery/fall-raku-firing/",
            "org": "View Arts - Fall Raku Firing",
            "why": "Fall season raku firing offering"
          }
        ]
      },
      {
        "q": "raku class Sacramento",
        "n_results": 10,
        "kept": [
          {
            "url": "https://site.corsizio.com/event/698e5ecf2e75a237746544f7",
            "org": "Corsizio event platform - Sacramento raku event",
            "why": "Raku class or workshop event listing"
          },
          {
            "url": "https://www.citrusheightsmessenger.com/events/315132/scg-workshop-ll-with-ray-gonzales-raku-firing-techniques",
            "org": "SCG Workshop II with Ray Gonzales - Citrus Heights",
            "why": "Raku firing techniques workshop in Sacramento-area community"
          }
        ]
      },
      {
        "q": "wood firing workshop Sacramento",
        "n_results": 9,
        "kept": [
          {
            "url": "https://www.csus.edu/college/arts-letters/art/_internal/_documents/arts-safety/kiln_faq.pdf",
            "org": "California State University Sacramento - Art Department",
            "why": "Has wood-fired kiln on campus; contact for wood-firing process and workshop information"
          },
          {
            "url": "https://laney.edu/art/workshops-and-events/",
            "org": "Laney College",
            "city": "Bay Area, California",
            "why": "12-week wood firing ceramics workshop accessible to Sacramento region"
          },
          {
            "url": "https://www.mendocinoartcenter.org/workshops/p/wood-fire-extravaganza-firing-the-train-and-wood-soda-kiln-w-john-dix-aug-15-17",
            "org": "Mendocino Art Center",
            "city": "Northern California",
            "why": "Wood-fire extravaganza with train and soda kiln firing instruction"
          }
        ]
      },
      {
        "q": "soda kiln firing Sacramento",
        "n_results": 9,
        "kept": [
          {
            "url": "https://www.csus.edu/college/arts-letters/art/_internal/_documents/arts-safety/kiln_faq.pdf",
            "org": "California State University Sacramento (CSUS)",
            "why": "Sacramento State art program operates kilns; FAQ document indicates firing facilities available",
            "city": "Sacramento"
          }
        ]
      },
      {
        "q": "pit firing pottery Sacramento",
        "n_results": 9,
        "kept": [
          {
            "url": "https://ads.py2.splitmetrics.com/post/best-of-22-pottery-classes-in-sacramento",
            "org": "Pottery classes directory (Sacramento)",
            "why": "Directory listing best pottery classes in Sacramento; may include pit firing resources",
            "city": "Sacramento"
          },
          {
            "url": "https://www.sfwomenartists.org/?p=32112",
            "org": "SF Women Artists",
            "why": "Article discussing pit firing process in Bay Area context; may reference California studios",
            "city": "San Francisco Bay Area"
          },
          {
            "url": "https://californiaindianeducation.org/california_indian_art/clay_pottery.html",
            "org": "California Indian Education",
            "why": "California-focused resource on traditional pottery including firing techniques",
            "city": "California"
          },
          {
            "url": "https://www.thesteelyard.org/product/pit-fired-ceramics/",
            "org": "The Steelyard",
            "why": "Offers pit-fired ceramics classes and workshops",
            "city": "Providence"
          }
        ]
      },
      {
        "q": "raku firing Orange County",
        "n_results": 9,
        "kept": [
          {
            "url": "https://www.viewarts.org/experience/pottery/raku-firing",
            "org": "View Arts",
            "why": "Raku firing pottery experience; established pottery program",
            "city": "Orange County"
          },
          {
            "url": "https://www.viewarts.org/experience/experiences/raku-fire-and-ice-bar-2024/",
            "org": "View Arts",
            "why": "Raku Fire and Ice Bar 2024 event offering public raku firing participation",
            "city": "Orange County"
          },
          {
            "url": "https://www.viewarts.org/experience/experiences/fall-raku-firing/",
            "org": "View Arts",
            "why": "Fall raku firing event listing",
            "city": "Orange County"
          },
          {
            "url": "https://www.viewarts.org/experience/pottery/fall-raku-firing/",
            "org": "View Arts",
            "why": "Fall raku firing pottery experience listing",
            "city": "Orange County"
          },
          {
            "url": "https://www.viewarts.org/experience/experiences/neighbor-day-raku-firing/",
            "org": "View Arts",
            "why": "Neighbor day raku firing community event",
            "city": "Orange County"
          }
        ]
      },
      {
        "q": "raku class Orange County",
        "n_results": 10,
        "kept": [
          {
            "url": "https://www.clay-king.com/product/raku-class-may-2nd-2026/",
            "org": "Clay King",
            "why": "Raku class scheduled May 2, 2026; pottery studio with raku instruction",
            "city": "Orange County"
          },
          {
            "url": "https://icasandiego.org/?p=4908",
            "org": "ICA North San Diego",
            "why": "Raku: Surface, Fire, and Form class for ages 16+; public ceramic instruction",
            "city": "San Diego"
          },
          {
            "url": "https://groundworksartlab.coursestorm.com/course/clay-adult-level-ii-specialty-raku-sat-may-2-june-20-335-main?page=5",
            "org": "Groundworks Art Lab",
            "why": "Clay adult level II specialty raku Saturday class series May-June 2026",
            "city": "Orange County"
          },
          {
            "url": "https://groundworksartlab.coursestorm.com/course/clay-adult-level-ii-specialty-raku-sat-june-27-aug-15-335-pro-rated-7wk-class-main?page=2",
            "org": "Groundworks Art Lab",
            "why": "Clay adult level II specialty raku Saturday class series June-August 2026",
            "city": "Orange County"
          },
          {
            "url": "https://visarts.org/?p=14913301",
            "org": "Vis Arts",
            "why": "Raku class offering at visual arts organization",
            "city": "Orange County"
          }
        ]
      },
      {
        "q": "wood firing workshop Orange County",
        "n_results": 10,
        "kept": [
          {
            "url": "https://www.mendocinoartcenter.org/workshops/p/wood-fire-extravaganza-firing-the-train-and-wood-soda-kiln-w-john-dix-aug-15-17",
            "org": "Mendocino Art Center",
            "why": "Wood-fire extravaganza workshop Aug 15-17 firing wood train kiln and wood-soda kiln; California location",
            "city": "Mendocino"
          },
          {
            "url": "https://archiebraygallery.org/?p=1521905",
            "org": "Archie Bray Gallery",
            "why": "Introduction to Woodfiring workshop-style class offered; ceramic instruction",
            "city": "Montana"
          },
          {
            "url": "https://academycenter.org/event/wood-fire-workshop-two-weekends-4-2/",
            "org": "Academy Center",
            "why": "Wood-fire workshop two-weekend event",
            "city": "Orange County"
          }
        ]
      },
      {
        "q": "soda kiln firing Orange County",
        "n_results": 9,
        "kept": [
          {
            "url": "https://www.thesteelyard.org/?p=2898",
            "org": "The Steelyard",
            "why": "Soda Kiln Firing Spring 2020 listing; studio offering soda firing",
            "city": "Providence"
          }
        ]
      },
      {
        "q": "pit firing pottery Orange County",
        "n_results": 10,
        "kept": [
          {
            "url": "https://artsorange.org/?p=1066",
            "org": "Arts Orange",
            "why": "Arts organization with pottery information",
            "city": "Orange County"
          },
          {
            "url": "https://artsorange.org/artist/thistle-glen-pottery/",
            "org": "Arts Orange / Thistle Glen Pottery",
            "why": "Directory listing of pottery artist; may offer public firing access",
            "city": "Orange County"
          },
          {
            "url": "https://artsorange.org/artist/amy-gelber-pottery/",
            "org": "Arts Orange / Amy Gelber Pottery",
            "why": "Directory listing of pottery artist; may offer public firing access",
            "city": "Orange County"
          },
          {
            "url": "https://www.sfwomenartists.org/?p=32112",
            "org": "SF Women Artists",
            "why": "Pit firing process discussion in California context",
            "city": "San Francisco Bay Area"
          },
          {
            "url": "https://maxt.pike13.com/courses/298399",
            "org": "Pike13 courses",
            "why": "Pit firing pottery course offering; potential firing location",
            "city": "Orange County"
          }
        ]
      },
      {
        "q": "raku firing Santa Barbara",
        "n_results": 10,
        "kept": [
          {
            "url": "https://www.viewarts.org/experience/pottery/raku-firing",
            "org": "View Arts",
            "why": "Raku firing pottery experience",
            "city": "Orange County"
          },
          {
            "url": "https://www.viewarts.org/experience/pottery/fall-raku-firing/",
            "org": "View Arts",
            "why": "Fall raku firing pottery experience",
            "city": "Orange County"
          },
          {
            "url": "https://www.cantonart.org/node?page=19",
            "org": "Canton Art",
            "why": "Art organization with potential ceramic firing programs",
            "city": "Orange County"
          }
        ]
      },
      {
        "q": "raku class Santa Barbara",
        "n_results": 10,
        "kept": [
          {
            "url": "https://archives.sbbotanicgarden.org/node/43886",
            "org": "Santa Barbara Botanic Garden",
            "why": "Raku pottery class offering",
            "city": "Santa Barbara"
          },
          {
            "url": "https://groundworksartlab.coursestorm.com/course/clay-adult-level-ii-specialty-raku-sat-june-27-aug-15-335-pro-rated-7wk-class-main",
            "org": "Groundworks Art Lab",
            "why": "Specialty raku class for clay artists (Saturday sessions with raku kiln firing)",
            "city": "Santa Barbara"
          },
          {
            "url": "https://icasandiego.org/event/raku-firing-ceramics-course-2025/",
            "org": "ICA San Diego",
            "why": "Raku firing ceramics course offering",
            "city": "San Diego"
          },
          {
            "url": "https://www.clay-king.com/product/raku-class-may-2nd-2026/",
            "org": "Clay-King",
            "why": "Raku class with kiln access and instruction",
            "city": "Santa Barbara area"
          }
        ]
      },
      {
        "q": "wood firing workshop Santa Barbara",
        "n_results": 9,
        "kept": [
          {
            "url": "https://mendocinoartcenter.org/workshops/p/safe-stokes-a-queer-woodfire-ceramics-workshop-with-katie-applebaum-feb-16-23",
            "org": "Mendocino Art Center",
            "why": "Wood-fire ceramics workshop with instructor Katie Applebaum (active California workshop)",
            "city": "Mendocino"
          },
          {
            "url": "https://laney.edu/art/workshops-and-events/",
            "org": "Laney College",
            "why": "Workshop listings including 12-week wood firing ceramics workshop",
            "city": "Oakland"
          }
        ]
      },
      {
        "q": "soda kiln firing Santa Barbara",
        "n_results": 10,
        "kept": [
          {
            "url": "https://ceramicartsnetwork.org/category/firing-techniques/salt-firing-and-soda-firing/",
            "org": "Ceramic Arts Network",
            "why": "Directory and articles about salt and soda firing techniques and places"
          }
        ]
      },
      {
        "q": "pit firing pottery Santa Barbara",
        "n_results": 10,
        "kept": [
          {
            "url": "https://www.independent.com/?p=469416",
            "org": "The Independent",
            "why": "Article on Sarah Klapp's pit-fired ceramics practice in Santa Barbara mountains (annual tradition)",
            "city": "Santa Barbara"
          },
          {
            "url": "https://theabroadguide.com/2-hour-pottery-workshop-and-studio-tour-in-ojai/",
            "org": "The Abroad Guide",
            "why": "2-hour pottery workshop and studio tour offering",
            "city": "Ojai"
          },
          {
            "url": "https://www.thesteelyard.org/product/pit-fired-ceramics/",
            "org": "The Steelyard",
            "why": "Pit-fired ceramics workshop offering"
          }
        ]
      },
      {
        "q": "raku firing Fresno",
        "n_results": 9,
        "kept": [
          {
            "url": "https://ceramicartsnetwork.org/daily/raku-firing/1",
            "org": "Ceramic Arts Network",
            "why": "Directory and daily articles on raku firing techniques and workshops"
          },
          {
            "url": "https://www.viewarts.org/experience/pottery/raku-firing",
            "org": "ViewArts",
            "why": "Raku firing pottery experience offering"
          },
          {
            "url": "https://craftcourses.com/courses/raku-one-day-workshop",
            "org": "CraftCourses",
            "why": "Raku one-day workshop course listing"
          },
          {
            "url": "https://www.watervillecreates.org/raku-firing/",
            "org": "Waterville Creates",
            "why": "Raku firing workshop offering"
          }
        ]
      },
      {
        "q": "raku class Fresno",
        "n_results": 10,
        "kept": [
          {
            "url": "https://georgeohr.org/tag/raku-class/",
            "org": "George Ohr Museum",
            "why": "Tag archive listing raku class offerings and articles"
          },
          {
            "url": "https://www.mesaartscenter.com/class-details/special-topics-raku-intermediate-to-advanced-22",
            "org": "Mesa Arts Center",
            "why": "Special Topics Raku intermediate to advanced class offering",
            "city": "Mesa"
          },
          {
            "url": "https://www.wpcc.edu/37998-2/",
            "org": "WPCC",
            "why": "Raku class offering through community college"
          }
        ]
      },
      {
        "q": "wood firing workshop Fresno",
        "n_results": 10,
        "kept": [
          {
            "url": "https://sugarmaples.coursestorm.com/category/summer-2024-workshops?page=3",
            "org": "Sugar Maples Center for Creative Arts",
            "why": "Wood firing workshops catalog"
          },
          {
            "url": "https://laney.edu/art/workshops-and-events/",
            "org": "Laney College",
            "why": "Wood firing workshops and events listings (Oakland area)",
            "city": "Oakland"
          },
          {
            "url": "https://mendocinoartcenter.org/workshops/p/wood-fire-extravaganza-firing-the-train-and-wood-soda-kiln-w-john-dix-aug-15-17",
            "org": "Mendocino Art Center",
            "why": "Wood-fire extravaganza workshop firing active kilns (train kiln and wood-soda kiln)",
            "city": "Mendocino"
          },
          {
            "url": "https://archiebraygallery.org/?p=1521905",
            "org": "Archie Bray Gallery",
            "why": "Introduction to woodfiring workshop-style class"
          }
        ]
      },
      {
        "q": "soda kiln firing Fresno",
        "n_results": 9,
        "kept": [
          {
            "url": "https://ceramicartsnetwork.org/category/firing-techniques/salt-firing-and-soda-firing/",
            "org": "Ceramic Arts Network",
            "why": "Directory and articles on salt and soda firing techniques"
          }
        ]
      },
      {
        "q": "pit firing pottery Fresno",
        "n_results": 10,
        "kept": [
          {
            "url": "https://www.sfwomenartists.org/?p=32112",
            "org": "SF Women Artists",
            "why": "Bay Area pottery artist discussion of pit firing technique, California-based",
            "city": "Bay Area"
          }
        ]
      },
      {
        "q": "raku firing Santa Cruz",
        "n_results": 10,
        "kept": [
          {
            "url": "https://www.viewarts.org/experience/pottery/raku-firing",
            "org": "View Arts",
            "why": "Pottery raku firing experience/class offering",
            "city": ""
          },
          {
            "url": "https://cameronartmuseum.org/classes_workshops/raku/",
            "org": "Cameron Art Museum",
            "why": "Raku classes and workshops",
            "city": ""
          },
          {
            "url": "https://www.cantonart.org/node?page=19",
            "org": "Canton Art",
            "why": "Art center with potential pottery offerings",
            "city": ""
          }
        ]
      },
      {
        "q": "raku class Santa Cruz",
        "n_results": 10,
        "kept": [
          {
            "url": "https://site.corsizio.com/event/6a6c0ef96905bd52fff107ff",
            "org": "Corsizio Event Listing",
            "why": "Event listing platform for classes/workshops",
            "city": ""
          },
          {
            "url": "https://archives.sbbotanicgarden.org/node/43886",
            "org": "Santa Barbara Botanical Garden",
            "why": "Raku pottery class offering",
            "city": "Santa Barbara"
          },
          {
            "url": "https://georgeohr.org/tag/raku-class/",
            "org": "George Ohr Museum/Foundation",
            "why": "Raku class archive/directory",
            "city": ""
          },
          {
            "url": "https://www.clay-king.com/product/raku-class-may-2nd-2026/",
            "org": "Clay King",
            "why": "Pottery school with raku classes",
            "city": ""
          },
          {
            "url": "https://icasandiego.org/event/raku-firing-ceramics-course-2025/",
            "org": "ICA San Diego",
            "why": "Raku firing ceramics course for potters, California",
            "city": "San Diego"
          },
          {
            "url": "https://icasandiego.org/?p=4908",
            "org": "ICA San Diego",
            "why": "International Center of Arts in San Diego offering raku-related programs",
            "city": "San Diego"
          }
        ]
      },
      {
        "q": "wood firing workshop Santa Cruz",
        "n_results": 10,
        "kept": [
          {
            "url": "https://mendocinoartcenter.org/past-workshops/p/safe-stokes-a-queer-woodfire-ceramics-workshop-with-katie-applebaum-feb-16-23",
            "org": "Mendocino Art Center",
            "why": "Wood fire ceramics workshop, California, specialized firing technique",
            "city": "Mendocino"
          },
          {
            "url": "https://laney.edu/art/workshops-and-events/",
            "org": "Laney College",
            "why": "Oakland college art workshops, California",
            "city": "Oakland"
          },
          {
            "url": "https://www.mendocinoartcenter.org/workshops/p/wood-fire-extravaganza-firing-the-train-and-wood-soda-kiln-w-john-dix-aug-15-17",
            "org": "Mendocino Art Center",
            "why": "Wood-fire and wood-soda kiln firing workshop, California",
            "city": "Mendocino"
          },
          {
            "url": "https://academycenter.org/event/wood-fire-workshop-two-weekends-2/",
            "org": "Academy Center",
            "why": "Wood fire workshop, hands-on kiln experience",
            "city": ""
          },
          {
            "url": "https://www.mendocinoartcenter.org/july-woodfire/p/a-woodfire-ceramics-workshop-with-katie-applebaum-may-13-19",
            "org": "Mendocino Art Center",
            "why": "Woodfire ceramics workshop instructor offering, California",
            "city": "Mendocino"
          }
        ]
      },
      {
        "q": "soda kiln firing Santa Cruz",
        "n_results": 9,
        "kept": [
          {
            "url": "https://ceramicartsnetwork.org/category/firing-techniques/salt-firing-and-soda-firing/",
            "org": "Ceramic Arts Network",
            "why": "Directory/resource for articles and places offering salt and soda firing techniques",
            "city": ""
          },
          {
            "url": "https://jhuangstudio.substack.com/p/scenes-from-a-soda-firing",
            "org": "J Huang Studio",
            "why": "Artist blog with soda firing documentation and community knowledge",
            "city": ""
          }
        ]
      },
      {
        "q": "pit firing pottery Santa Cruz",
        "n_results": 9,
        "kept": [
          {
            "url": "https://history.santacruzpl.org/omeka/items/show/120803",
            "org": "Santa Cruz Public Library History",
            "why": "Big Creek Pottery historical archive - active pottery community in Santa Cruz, California",
            "city": "Santa Cruz"
          },
          {
            "url": "https://www.sfwomenartists.org/?p=32112",
            "org": "SF Women Artists",
            "why": "Bay Area potter discussing pit firing technique with firing practices near beaches",
            "city": "Bay Area"
          },
          {
            "url": "https://firstfridaysantacruz.com/?p=25703",
            "org": "First Friday Santa Cruz",
            "why": "Santa Cruz art community and events listing for local studios",
            "city": "Santa Cruz"
          },
          {
            "url": "https://www.thesteelyard.org/product/pit-fired-ceramics/",
            "org": "The Steel Yard",
            "why": "Pit-fired ceramics class offering",
            "city": ""
          }
        ]
      },
      {
        "q": "raku firing Mendocino",
        "n_results": 9,
        "kept": [
          {
            "url": "https://www.mendocinoartcenter.org/workshops/p/exploring-raku-techniques-with-coreen-abbott-august-30-31",
            "org": "Mendocino Art Center",
            "why": "Raku firing workshop with instructor Coreen Abbott, hands-on kiln firing, California",
            "city": "Mendocino"
          },
          {
            "url": "https://wanderlog.com/place/details/246016",
            "org": "Mendocino Art Center (Wanderlog listing)",
            "why": "Directory listing for Mendocino Art Center with workshop offerings",
            "city": "Mendocino"
          },
          {
            "url": "https://www.chatsworth.org/events/raku-clay-firing/",
            "org": "Chatsworth Arts Center",
            "why": "Raku clay firing event, California location",
            "city": "Chatsworth"
          }
        ]
      },
      {
        "q": "raku class Mendocino",
        "n_results": 9,
        "kept": [
          {
            "url": "https://www.mendocinoartcenter.org/workshops/p/exploring-raku-techniques-with-coreen-abbott-august-30-31",
            "org": "Mendocino Art Center",
            "why": "Raku techniques class with hands-on firing experience, California",
            "city": "Mendocino"
          },
          {
            "url": "https://wanderlog.com/place/details/246016/mendocino-art-center",
            "org": "Mendocino Art Center",
            "why": "Directory listing of raku and other pottery classes available at art center",
            "city": "Mendocino"
          },
          {
            "url": "https://georgeohr.org/tag/raku-class/",
            "org": "George Ohr Museum/Foundation",
            "why": "Archive tag for raku classes and pottery education",
            "city": ""
          },
          {
            "url": "https://archives.sbbotanicgarden.org/node/43886",
            "org": "Santa Barbara Botanical Garden",
            "why": "Raku pottery class offering archive",
            "city": "Santa Barbara"
          },
          {
            "url": "https://www.clay-king.com/product/raku-class-may-2nd-2026/",
            "org": "Clay King",
            "why": "Pottery school with raku class and kiln access",
            "city": ""
          }
        ]
      },
      {
        "q": "wood firing workshop Mendocino",
        "n_results": 10,
        "kept": [
          {
            "url": "https://www.mendocinoartcenter.org/",
            "org": "Mendocino Art Center",
            "why": "Primary venue offering multiple wood-firing workshops (Katie Applebaum, Bruce DeHnert, Antra Sinha train kiln firing) with catenary arch kiln and wood-soda kiln"
          },
          {
            "url": "https://www.mendocinoartcenter.org/workshops/p/safe-stokes-w-katie-applebaum-oct-19-thru-23",
            "org": "Mendocino Art Center - Safe Stokes Workshop",
            "why": "Ongoing queer woodfire ceramics workshop series with Katie Applebaum, loads and fires cross-draft catenary wood soda kiln"
          },
          {
            "url": "https://www.mendocinoartcenter.org/workshops/p/stokerama-a-woodfiring-experience-with-bruce-dehnert-sep-20-28",
            "org": "Mendocino Art Center - Stokerama",
            "why": "Wood-firing ceramics workshop with Bruce DeHnert, September 20-28"
          },
          {
            "url": "https://www.mendocinoartcenter.org/workshops/p/train-kiln-firing-with-antra-sinha-may-20-26",
            "org": "Mendocino Art Center - Train Kiln Firing",
            "why": "Workshop on wood-firing and wadding techniques with train kiln, May 20-26"
          }
        ]
      },
      {
        "q": "soda kiln firing Mendocino",
        "n_results": 9,
        "kept": [
          {
            "url": "https://www.mendocinoartcenter.org/",
            "org": "Mendocino Art Center",
            "why": "Operates catenary arch kiln with wood-soda firing capability; workshops teach soda firing techniques and glaze preparation"
          },
          {
            "url": "https://www.mendocinoartcenter.org/workshops/p/a-woodfire-ceramics-workshop-with-katie-applebaum-may-13-19",
            "org": "Mendocino Art Center - Woodfire/Soda Workshop",
            "why": "Katie Applebaum workshop covering loading and firing wood-soda kiln at cone 10"
          }
        ]
      },
      {
        "q": "pit firing pottery Mendocino",
        "n_results": 9,
        "kept": [
          {
            "url": "https://www.mendocinoartcenter.org/workshops/p/pit-firing-with-sakshi-mathuria-march-7-8",
            "org": "Mendocino Art Center - Pit Firing Workshop",
            "why": "Pit firing workshop with artist Sakshi Mathuria (artist in residence), March 7-8"
          }
        ]
      },
      {
        "q": "raku firing Palm Springs",
        "n_results": 9,
        "kept": [
          {
            "url": "https://z1077fm.com/29-palms-art-gallery-offers-ceramic-class",
            "org": "29 Palms Art Gallery",
            "city": "Twentynine Palms",
            "why": "Introduction to Raku class taught by Ed Keesling (ceramic artist), Tuesdays/Thursdays, six sessions covering raku tradition and firing; 74055 Cottonwood Drive"
          }
        ]
      },
      {
        "q": "raku class Palm Springs",
        "n_results": 10,
        "kept": [
          {
            "url": "https://z1077fm.com/29-palms-art-gallery-offers-ceramic-class",
            "org": "29 Palms Art Gallery",
            "city": "Twentynine Palms",
            "why": "Introduction to Raku class with Ed Keesling, Tuesday/Thursday evenings, open to beginners and experienced potters ages 12+, $60 youth/$90 adult"
          },
          {
            "url": "https://www.clay-king.com/product/raku-class-may-2nd-2026/",
            "org": "Clay King",
            "why": "Raku class offering, May 2, 2026 (potential supplier or workshop provider)"
          }
        ]
      },
      {
        "q": "wood firing workshop Palm Springs",
        "n_results": 10,
        "kept": []
      },
      {
        "q": "soda kiln firing Palm Springs",
        "n_results": 10,
        "kept": []
      },
      {
        "q": "pit firing pottery Palm Springs",
        "n_results": 10,
        "kept": [
          {
            "url": "https://visitpalmsprings.com/sunny-dunes-art-district/",
            "org": "Sunny Dunes Art District (Palm Springs)",
            "why": "Art district that may include pottery/ceramic studios and community art spaces; mentioned as regional art hub in Palm Springs area"
          }
        ]
      },
      {
        "q": "raku firing Northern California",
        "n_results": 10,
        "kept": [
          {
            "url": "https://patch.com/california/sonomavalley/calendar/event/20260110/57fa6f73-5a41-4e0a-a749-2f892bfdbe37/intro-to-raku",
            "org": "Sonoma Community Center",
            "city": "Sonoma",
            "why": "Intro to Raku class, hands-on firing technique instruction, Saturdays January 10-31, 2026"
          },
          {
            "url": "https://www.active.com/manhattan-beach-ca/classes/raku-2026-109783955",
            "org": "MB Art Center",
            "city": "Manhattan Beach",
            "why": "Raku firing workshop with glaze and firing, multiple 2026 dates"
          }
        ]
      },
      {
        "q": "wood firing workshop Northern California",
        "n_results": 10,
        "kept": [
          {
            "url": "https://www.eventbrite.com/e/wood-firing-workshop-tickets-1987875889297",
            "org": "Wood Firing Workshop",
            "why": "Wood firing workshop September 3-November 19, 10 AM-4 PM, hands-on kiln loading and firing"
          },
          {
            "url": "https://www.sebarts.org/classeslectures/p/ceramics-soda-firing-with-wood-workshop",
            "org": "Sebastopol Center For the Arts",
            "city": "Sebastopol",
            "why": "Soda firing with wood workshop class"
          },
          {
            "url": "https://www.claybythebaysf.com/raku-workshops/",
            "org": "Clay By The Bay",
            "city": "San Francisco",
            "why": "Wood-fired kiln reaching 2350 degrees F with wood ash as glaze, multi-day firing process"
          },
          {
            "url": "https://www.johndix.com/inperson-workshops",
            "org": "John Dix / Mendocino Art Center",
            "city": "Mendocino",
            "why": "Woodfiring Extravaganza workshop August 15-17, hands-on wood-fired train kiln and soda kiln"
          },
          {
            "url": "https://www.commonclayspace.com/store/p/woodfire2026",
            "org": "Common Clay Space",
            "city": "Cupertino",
            "why": "Five-week wood firing workshop, beginner-friendly, traditional wood-fired ceramics"
          },
          {
            "url": "https://claycreationspacifica.com/artist-workshops/",
            "org": "Clay Creation Spacifica",
            "city": "Pacifica",
            "why": "Wood-soda firing workshop June 19-21 with visiting artist instruction"
          }
        ]
      },
      {
        "q": "pit firing pottery Northern California",
        "n_results": 9,
        "kept": [
          {
            "url": "https://nlapw.org/in-the-studio-with/melissa-woodburn",
            "org": "Northern Lights Artists and Potters Working (NLAPW)",
            "city": "Bay Area",
            "why": "Bay Area pit firing artist featured in studio profile"
          },
          {
            "url": "https://www.sfwomenartists.org/?p=32112",
            "org": "SF Women Artists / Sue Schwartz",
            "city": "San Francisco",
            "why": "Sue Schwartz pit firing artist with 30 years experience, Bay Area beach pit fire community"
          },
          {
            "url": "https://retreat.guru/events/2579-618/pit-fire-pottery-making-retreat",
            "org": "Pit Fire Pottery Making Retreat",
            "why": "Pit fire pottery retreat event listing"
          },
          {
            "url": "https://patch.com/california/millvalley/september-pit-fire-mill-valley-potters-studio",
            "org": "Mill Valley Potter's Studio",
            "city": "Mill Valley",
            "why": "Pit fire workshops including burnishing instruction and beach pit fire events"
          }
        ]
      },
      {
        "q": "raku firing Southern California",
        "n_results": 10,
        "kept": [
          {
            "url": "https://www.carsonnow.org/reader-content/08/17/2018/raku-firing-sunday-819",
            "org": "Carson City Art Gallery and Pottery",
            "city": "Carson",
            "why": "Raku firing workshop venue with hands-on participation"
          },
          {
            "url": "https://www.active.com/manhattan-beach-ca/classes/raku-2026-109783955",
            "org": "MB Art Center",
            "city": "Manhattan Beach",
            "why": "Raku firing workshops, outdoor behind arts center, multiple dates in 2026, $80 per workshop"
          }
        ]
      },
      {
        "q": "soda kiln firing Southern California",
        "n_results": 9,
        "kept": [
          {
            "url": "https://patch.com/california/sonomavalley/calendar/event/20260124/fb0c651a-b5ae-48d8-8f46-4634b451bcbf/intro-to-mid-range-soda-fire-workshop",
            "org": "Sonoma Community Center / Sonoma Valley pottery",
            "city": "Sonoma",
            "why": "Workshop offering hands-on soda firing training - place to participate in soda firing"
          },
          {
            "url": "https://csulb.edu/node/574641",
            "org": "California State University Long Beach",
            "city": "Long Beach",
            "why": "University facility with ceramic equipment and potential firing access"
          },
          {
            "url": "https://primitiveways.com/pottery4.html",
            "org": "Primitive Ways educational site",
            "city": "Southern California (general)",
            "why": "Directory/article listing Southern California pottery information"
          },
          {
            "url": "https://www.thesteelyard.org/?p=2898",
            "org": "The Steel Yard",
            "city": "Providence/Regional",
            "why": "Article about soda kiln firing - potential resource directory"
          }
        ]
      },
      {
        "q": "pit firing pottery Southern California",
        "n_results": 9,
        "kept": [
          {
            "url": "https://coursehorse.com/los-angeles/classes/art/pottery/handbuilding?page=3",
            "org": "CourseHorse / Los Angeles pottery classes",
            "city": "Los Angeles",
            "why": "Directory of pottery classes in Los Angeles area - may include pit firing"
          },
          {
            "url": "https://w.primitiveways.com/pottery1.html",
            "org": "Primitive Ways educational site",
            "city": "Southern California (general)",
            "why": "Directory/article listing Southern California pottery techniques including pit firing"
          },
          {
            "url": "https://ma.to/event/pit-firing-workshop-20-sep-2026",
            "org": "Ma.to event listing / Artillery Ceramics",
            "city": "San Francisco/Bay Area",
            "why": "Event listing for pit firing workshop in California"
          }
        ]
      },
      {
        "q": "raku firing Bay Area",
        "n_results": 10,
        "kept": [
          {
            "url": "https://www.gazettejournal.net/raku-firing-fundraiser-to-be-held-at-bay-school",
            "org": "Bay School Community Arts Center / Clay by the Bay Ceramics Guild",
            "city": "Mathews/Bay Area",
            "why": "Community venue hosting raku firing fundraiser events where public can participate"
          },
          {
            "url": "https://patch.com/california/elcerrito/raku-festival",
            "org": "El Cerrito Raku Festival",
            "city": "El Cerrito",
            "why": "Annual raku festival with demonstrations and public participation"
          },
          {
            "url": "https://www.active.com/manhattan-beach-ca/classes/pottery-and-ceramics-event-raku-2026-110597374",
            "org": "Manhattan Beach Arts Center",
            "city": "Manhattan Beach",
            "why": "Raku firing workshops where students glaze and fire pieces"
          }
        ]
      },
      {
        "q": "raku class Bay Area",
        "n_results": 10,
        "kept": [
          {
            "url": "https://patch.com/california/sonomavalley/calendar/event/20260110/57fa6f73-5a41-4e0a-a749-2f892bfdbe37/intro-to-raku",
            "org": "Sonoma Community Center",
            "city": "Sonoma",
            "why": "4-week raku class covering fundamentals and firing process"
          },
          {
            "url": "https://www.active.com/manhattan-beach-ca/classes/arts-and-crafts-classes-raku-2026-110597374",
            "org": "Manhattan Beach Arts Center (MB Art Center)",
            "city": "Manhattan Beach",
            "why": "Raku firing workshops at intermediate to advanced level"
          },
          {
            "url": "https://icasandiego.org/?p=5211",
            "org": "Institute of Contemporary Art (ICA)",
            "city": "San Diego",
            "why": "Six-week raku firing class covering hand-building to glazing and firing"
          }
        ]
      },
      {
        "q": "wood firing workshop Bay Area",
        "n_results": 9,
        "kept": [
          {
            "url": "https://www.eventbrite.com/e/wood-firing-workshop-tickets-1987875889297",
            "org": "Wood Firing Workshop (Eventbrite listing)",
            "city": "Bay Area",
            "why": "12-week wood firing workshop with hands-on experience loading and firing kilns"
          },
          {
            "url": "https://www.rubysclaystudio.org/workshops",
            "org": "Ruby's Clay Studio & Gallery",
            "city": "San Francisco / Half Moon Bay area",
            "why": "Studio offering soda firing workshops near Half Moon Bay"
          },
          {
            "url": "https://www.sebarts.org/classeslectures/p/ceramics-soda-firing-with-wood-workshop",
            "org": "Sebastopol Center for the Arts",
            "city": "Sebastopol",
            "why": "Two-day workshop teaching soda glazing and wood firing ceramics"
          },
          {
            "url": "https://www.claybythebaysf.com/raku-workshops/",
            "org": "Clay By The Bay Pottery Classes",
            "city": "San Francisco",
            "why": "Offers workshops on building outdoor kilns and alternative firing methods including wood-fired kilns"
          },
          {
            "url": "https://laney.edu/art/workshops-and-events/",
            "org": "Laney College",
            "city": "Oakland",
            "why": "12-week wood firing workshop for intermediate ceramic artists"
          }
        ]
      },
      {
        "q": "soda kiln firing Bay Area",
        "n_results": 10,
        "kept": [
          {
            "url": "https://patch.com/california/sonomavalley/calendar/event/20260124/fb0c651a-b5ae-48d8-8f46-4634b451bcbf/intro-to-mid-range-soda-fire-workshop",
            "org": "Sonoma Community Center",
            "city": "Sonoma",
            "why": "Intro to mid-range soda fire workshop with hands-on training"
          },
          {
            "url": "https://www.thesteelyard.org/?p=2898",
            "org": "The Steel Yard",
            "city": "Regional",
            "why": "Article about soda kiln firing experience and process"
          },
          {
            "url": "https://ma.to/event/soda-firing-workshop-25-jul-2026",
            "org": "Bay Area Soda Firing Workshop (Ma.to listing)",
            "city": "Bay Area",
            "why": "Soda firing workshop event in Bay Area"
          },
          {
            "url": "https://ceramicartsnetwork.org/daily/article/In-the-Soda-Zone",
            "org": "Ceramic Arts Network",
            "city": "California (general)",
            "why": "Directory article about soda firing featuring California potters and locations"
          }
        ]
      },
      {
        "q": "pit firing pottery Bay Area",
        "n_results": 9,
        "kept": [
          {
            "url": "https://www.sfwomenartists.org/artist/sue-schwartz/",
            "org": "SF Women Artists / Sue Schwartz",
            "city": "San Francisco Bay Area",
            "why": "Profile of Bay Area artist known for pit firing pottery over 30 years"
          },
          {
            "url": "https://www.sfwomenartists.org/?p=32112",
            "org": "SF Women Artists",
            "city": "San Francisco Bay Area",
            "why": "Article about Sue Schwartz's pit firing process and technique"
          },
          {
            "url": "https://retreat.guru/events/2579-618/pit-fire-pottery-making-retreat",
            "org": "Topa Institute / Pit Fire Pottery Making Retreat",
            "city": "Ojai",
            "why": "Ceramic arts retreat featuring pit firing instruction"
          },
          {
            "url": "https://ma.to/event/pit-firing-workshop-20-sep-2026",
            "org": "Artillery Ceramics Studio",
            "city": "San Francisco",
            "why": "Pit firing workshop in Mission District"
          }
        ]
      },
      {
        "q": "pottery supply store raku firing California",
        "n_results": 10,
        "kept": [
          {
            "url": "https://www.zoominfo.com/c/raku-potteryworks/346263983",
            "org": "Raku Potteryworks",
            "city": "Tecate",
            "why": "California-based raku pottery studio and distributor since 2000"
          },
          {
            "url": "https://en.wikipedia.org/wiki/Paul_Soldner",
            "org": "Paul Soldner (Historical figure)",
            "city": "California",
            "why": "Notable raku pioneer with California connections and influence"
          },
          {
            "url": "https://www.thepottershousegallery.com/raku.html",
            "org": "The Potter's House Gallery",
            "city": "California (general)",
            "why": "Gallery or studio featuring raku pottery"
          },
          {
            "url": "https://stevenforbesdesoule.com/store/electric-moon",
            "org": "Steven Forbes-deSoule (Electric Moon Raku Pottery)",
            "city": "California",
            "why": "California-based raku potter and artist"
          },
          {
            "url": "https://www.raaquu.com/",
            "org": "Raaquu",
            "city": "California",
            "why": "Online retailer of raku pottery and ceramic home decor"
          }
        ]
      },
      {
        "q": "ceramic supply raku night California",
        "n_results": 10,
        "kept": [
          {
            "url": "https://coursehorse.com/los-angeles/classes/art/pottery/ceramics/raku-workshop",
            "org": "Claytivity Pottery Studio / CourseHorse",
            "city": "Los Angeles",
            "why": "Night Raku Firing workshop class, active public raku firing event in LA"
          }
        ]
      },
      {
        "q": "potters guild wood firing California",
        "n_results": 10,
        "kept": [
          {
            "url": "https://www.visitberkeley.com/directory/berkeley-potters-guild/",
            "org": "Berkeley Potters Guild",
            "city": "Berkeley",
            "why": "Guild with 20+ potters, features wood-fired work, open studio access"
          },
          {
            "url": "https://www.sandiegopottersguild.org/",
            "org": "San Diego Potters' Guild",
            "city": "San Diego",
            "why": "Juried membership guild of 40+ potters with studio access"
          },
          {
            "url": "https://www.sebarts.org/classeslectures/p/ceramics-soda-firing-with-wood-workshop",
            "org": "Sebastopol Center for the Arts",
            "city": "Sebastopol",
            "why": "Soda firing and wood firing ceramics workshop class"
          },
          {
            "url": "http://www.woodkiln.org/",
            "org": "Spring Valley Anagama",
            "city": "Near San Jose",
            "why": "100 cubic foot anagama kiln fired by community of potters, crew-based firings"
          },
          {
            "url": "https://laney.edu/art/workshops-and-events/",
            "org": "Laney College",
            "city": "Oakland",
            "why": "Community college wood firing workshops, 12-week wood kiln course"
          }
        ]
      },
      {
        "q": "community college ceramics wood kiln California",
        "n_results": 9,
        "kept": [
          {
            "url": "https://laney.edu/news/laney-college-builds-new-wood-fired-kiln",
            "org": "Laney College",
            "city": "Oakland",
            "why": "New American-style wood-fired train kiln on campus, active program"
          },
          {
            "url": "https://www.sbcc.edu/art/areasofspecialization.php",
            "org": "Santa Barbara City College",
            "city": "Santa Barbara",
            "why": "Ceramics program with kiln firing including wood-fired techniques"
          }
        ]
      },
      {
        "q": "community college ceramics soda kiln California",
        "n_results": 9,
        "kept": [
          {
            "url": "https://sonomacommunitycenter.org/ceramics/",
            "org": "Sonoma Community Center",
            "city": "Sonoma",
            "why": "60+ hours/week open studio access with soda firing kiln, club firing classes"
          },
          {
            "url": "https://www.sdmesa.edu/academics/v2/programs/ceramics/",
            "org": "San Diego Mesa College",
            "city": "San Diego",
            "why": "Community college ceramics program with kiln firing access"
          }
        ]
      },
      {
        "q": "anagama firing crew California",
        "n_results": 10,
        "kept": [
          {
            "url": "https://craftcouncil.org/articles/kilns-that-build-community/",
            "org": "American Craft Council",
            "why": "Article on community kiln projects, likely includes California anagama information"
          },
          {
            "url": "http://www.woodkiln.org/",
            "org": "Spring Valley Anagama",
            "city": "Near San Jose",
            "why": "100 cubic foot anagama fired by local potter community, crew-based 5-6 day firings"
          },
          {
            "url": "https://www.dirtandceremony.com/wood-firing",
            "org": "Dirt and Ceremony",
            "why": "Wood firing pottery studio with community firing events"
          }
        ]
      },
      {
        "q": "wood kiln firing volunteers California",
        "n_results": 10,
        "kept": [
          {
            "url": "https://tylerparkarts.org/woodkiln-firing/",
            "org": "Tyler Park Arts",
            "why": "Manabigama wood kiln with volunteer firing workshops, periodic community firings"
          },
          {
            "url": "https://www.claybythebaysf.com/raku-workshops/",
            "org": "Clay By The Bay Pottery Studios",
            "city": "San Francisco",
            "why": "Raku workshops and alternative firing methods for public participation"
          },
          {
            "url": "https://www.johndix.com/inperson-workshops",
            "org": "John Dix Pottery",
            "why": "Potter offering in-person workshops including Mendocino Arts Center (August workshops)"
          }
        ]
      },
      {
        "q": "kiln opening wood fired California",
        "n_results": 9,
        "kept": [
          {
            "url": "https://www.clayca.com/outside-firings",
            "org": "Clay studio (California-based)",
            "why": "Outside firings available to public"
          }
        ]
      },
      {
        "q": "raku party California",
        "n_results": 10,
        "kept": [
          {
            "url": "https://www.clayroomoakland.com/event-details/member-raku-firing-at-grand-opening-party",
            "org": "Clayroom Oakland",
            "city": "Oakland",
            "why": "Member raku firing event at studio opening"
          },
          {
            "url": "https://community.ceramicartsdaily.org/topic/6264-raku-party-how-can-we-do-it-up-right/",
            "org": "Ceramic Arts Daily Community (forum)",
            "why": "Discussion of raku parties as social firing events, reference to Santa Cruz raku parties"
          }
        ]
      },
      {
        "q": "ceramics residency wood kiln California",
        "n_results": 9,
        "kept": [
          {
            "url": "https://www.mendocinoartcenter.org/ceramic-residency",
            "org": "Mendocino Art Center",
            "city": "Mendocino",
            "why": "8-month ceramics residency with access to wood-fired train kiln and wood-soda kiln"
          },
          {
            "url": "https://ceramicartsnetwork.org/ceramics-monthly/ceramics-monthly-article/2026-residencies-and-fellowships",
            "org": "Ceramics Arts Network",
            "why": "Directory article listing residencies and fellowships including California locations"
          },
          {
            "url": "https://ceramicsfieldguide.org/chapter-2/artist-in-residence-usa/",
            "org": "Field Guide for Ceramic Artisans",
            "why": "Directory of artist-in-residence programs in USA including California"
          },
          {
            "url": "https://ceramic.school/10-ceramic-residencies-in-north-america-that-you-should-apply-to/",
            "org": "The Ceramic School",
            "why": "Article listing ceramic residencies in North America including California"
          },
          {
            "url": "https://www.artworkarchive.com/call-for-entry/mendocino-art-center-artist-in-residency-ceramics-program-2025",
            "org": "Mendocino Art Center",
            "city": "Mendocino",
            "why": "Ceramics artist in residency program with wood kiln access"
          }
        ]
      },
      {
        "q": "parks and recreation raku class California",
        "n_results": 9,
        "kept": [
          {
            "url": "https://parks.lacounty.gov/",
            "org": "Los Angeles County Parks & Recreation",
            "city": "Los Angeles",
            "why": "Parks and recreation department offering classes - may include raku/ceramics"
          },
          {
            "url": "https://www.montereypark.ca.gov/1420/Classes",
            "org": "Monterey Park Recreation Classes",
            "city": "Monterey Park",
            "why": "Parks and recreation classes directory"
          },
          {
            "url": "https://www.longbeach.gov/park/recreation-programs/programs-and-classes/",
            "org": "Long Beach Parks & Recreation",
            "city": "Long Beach",
            "why": "Parks and recreation classes directory"
          },
          {
            "url": "https://www.burbankca.gov/web/parks-recreation/playmore",
            "org": "City of Burbank Parks & Recreation",
            "city": "Burbank",
            "why": "Parks and recreation offering arts and crafts classes"
          }
        ]
      },
      {
        "q": "gas reduction cone 10 firing class California",
        "n_results": 10,
        "kept": [
          {
            "url": "https://thefoundrypotterystudio.com/home/firing-service/",
            "org": "The Foundry Pottery Studio",
            "why": "Pottery studio offering firing service for cone 10 reduction"
          }
        ]
      },
      {
        "q": "atmospheric firing workshop California",
        "n_results": 10,
        "kept": [
          {
            "url": "https://www.andersonranch.org/workshops/workshop/atmospheric-firing-form-and-surface-c0404-23/",
            "org": "Anderson Ranch Arts Center",
            "why": "Workshop on atmospheric firing - wood/soda firings"
          },
          {
            "url": "https://www.clayroomsf.com/workshop",
            "org": "Clay Room SF",
            "city": "San Francisco",
            "why": "Ceramics studio offering workshops"
          },
          {
            "url": "https://oribefiring.com/",
            "org": "Oribe Firing Center",
            "city": "San Gregorio",
            "why": "Atmospheric firing center with pit, raku, soda, wood, and rocket kilns"
          },
          {
            "url": "https://www.sonomavalleyevents.com/03/08/2025/intro-to-mid-range-soda-fire-workshop/",
            "org": "Sonoma Valley Events",
            "city": "Sonoma",
            "why": "Intro to mid-range soda fire workshop at Sonoma Community Center"
          },
          {
            "url": "https://claycreationspacifica.com/artist-workshops/",
            "org": "Clay Creation Spacifica",
            "city": "Pacifica",
            "why": "Artist workshops and firing workshops"
          },
          {
            "url": "https://claycreationspacifica.com/firing-workshops/",
            "org": "Clay Creation Spacifica",
            "city": "Pacifica",
            "why": "Soda firing workshops"
          },
          {
            "url": "https://www.theye11ow.com/come-fire-with-us",
            "org": "The Yellow",
            "why": "Ceramic firing community"
          },
          {
            "url": "https://salmoncreekfarm-arts.org/Wood-Fire-Ceramics",
            "org": "Salmon Creek Farm",
            "why": "Wood fire ceramics workshop"
          }
        ]
      },
      {
        "q": "summer ceramics workshop wood soda California",
        "n_results": 9,
        "kept": [
          {
            "url": "https://ceramicartsnetwork.org/ceramics-monthly/ceramics-monthly-article/summer-workshops-2025",
            "org": "Ceramics Arts Network",
            "why": "Summer workshops 2025 directory including wood and soda firing in California"
          },
          {
            "url": "https://www.sebarts.org/classeslectures/p/ceramics-soda-firing-with-wood-workshop",
            "org": "Sebastopol Center For the Arts",
            "city": "Sebastopol",
            "why": "Soda firing with wood workshop"
          },
          {
            "url": "https://www.artsy.net/article/artsy-editorial-best-places-ceramics-classes",
            "org": "Artsy",
            "why": "Directory article on best places to take ceramics classes including California"
          },
          {
            "url": "https://www.johndix.com/inperson-workshops",
            "org": "John Dix",
            "why": "In-person workshops including wood-firing in Mendocino area"
          },
          {
            "url": "https://www.amoca.org/studio1/workshops/",
            "org": "American Museum of Ceramic Art",
            "why": "Workshops and specialty classes in ceramics"
          },
          {
            "url": "https://www.rubysclaystudio.org/workshops",
            "org": "Ruby's Clay Studio & Gallery",
            "why": "Ceramics workshops"
          }
        ]
      },
      {
        "q": "art center ceramics raku California",
        "n_results": 10,
        "kept": [
          {
            "url": "https://firstcityart.org/product/raku-firings-individuals-groups/",
            "org": "First City Art Center",
            "why": "Raku firings for individuals or groups"
          },
          {
            "url": "https://acga.net/classes/",
            "org": "ACGA",
            "why": "Ceramics classes directory"
          },
          {
            "url": "https://angelsgateart.org/listing/raku-ceramics-15/",
            "org": "Angels Gate Cultural Center",
            "city": "Los Angeles",
            "why": "Raku ceramics workshops with monthly firings"
          },
          {
            "url": "https://volcanoartcenter.org/artists/gayle-chavez/",
            "org": "Volcano Art Center",
            "why": "Art center with ceramics artists"
          },
          {
            "url": "https://www.chicoceramicscenter.com/",
            "org": "Chico Ceramics Center",
            "city": "Chico",
            "why": "Ceramics center in Northern California"
          },
          {
            "url": "https://www.rakupotteryworks.com/home.php",
            "org": "Raku Potteryworks",
            "why": "Raku pottery studio"
          }
        ]
      },
      {
        "q": "pottery studio membership soda kiln California",
        "n_results": 9,
        "kept": [
          {
            "url": "https://sonomacommunitycenter.org/ceramics/",
            "org": "Sonoma Community Center",
            "city": "Sonoma",
            "why": "Ceramics studio with soda kiln access and full studio membership"
          },
          {
            "url": "https://sonomacommunitycenter.org/ceramics/ceramics-studio",
            "org": "Sonoma Community Center",
            "city": "Sonoma",
            "why": "Ceramics open studio program with kiln access"
          },
          {
            "url": "https://www.sebarts.org/ceramics",
            "org": "Sebastopol Center For the Arts",
            "city": "Sebastopol",
            "why": "Ceramics studio with membership and open studio access"
          },
          {
            "url": "https://hickoryclay.com/membership",
            "org": "Hickory Clay",
            "city": "San Francisco",
            "why": "Pottery studio membership with wheel and firing access"
          },
          {
            "url": "https://www.membersonlyla.com/memberships",
            "org": "Members Only LA",
            "city": "Los Angeles",
            "why": "Pottery studio membership with kiln firing access"
          },
          {
            "url": "https://www.the567center.org/pottery-studio",
            "org": "The 567 Center",
            "why": "Pottery studio"
          },
          {
            "url": "https://thepotterystudio.com/pages/san-francisco",
            "org": "The Pottery Studio",
            "city": "San Francisco",
            "why": "Pottery studio in San Francisco"
          }
        ]
      },
      {
        "q": "soda firing workshop California",
        "n_results": 9,
        "kept": [
          {
            "url": "https://www.sebarts.org/classeslectures/p/ceramics-soda-firing-with-wood-workshop",
            "org": "Sebastopol Center For the Arts",
            "city": "Sebastopol",
            "why": "Soda firing with wood workshop in California"
          },
          {
            "url": "https://events.humanitix.com/skill-building-workshop-soda-firing-w-haley-tessler",
            "org": "AMOCA (American Museum of Ceramic Art)",
            "city": "Pomona",
            "why": "Skill Building Workshop: Soda Firing w/Haley Tessler, Feb-Mar 2025"
          },
          {
            "url": "https://sonomacommunitycenter.org/programs/intro-to-mid-range-soda-fire-102525/",
            "org": "Sonoma Community Center",
            "city": "Sonoma",
            "why": "Intro to Mid-Range Soda Fire Workshop with crossdraft kiln firing"
          },
          {
            "url": "https://www.amoca.org/studio1/workshops/",
            "org": "AMOCA (American Museum of Ceramic Art)",
            "city": "Pomona",
            "why": "Ceramics workshops and specialty classes including atmospheric firing"
          },
          {
            "url": "https://berkeleypottersstudio.org/upcoming-soda-firing-workshops",
            "org": "The Potters' Studio (Berkeley Potters Studio)",
            "city": "Berkeley",
            "why": "Upcoming soda firing workshops for members, students, and community potters"
          },
          {
            "url": "https://claycreationspacifica.com/firing-workshops/",
            "org": "Clay Creation Spacifica",
            "city": "San Gregorio",
            "why": "Soda firing workshops at Atmospheric Firing Center; participants get kiln space and materials"
          }
        ]
      },
      {
        "q": "soda firing class California",
        "n_results": 9,
        "kept": [
          {
            "url": "https://www.sebarts.org/classeslectures/p/ceramics-soda-firing-with-wood-workshop",
            "org": "Sebastopol Center For the Arts",
            "city": "Sebastopol",
            "why": "Soda glazing and wood firing ceramics class"
          },
          {
            "url": "https://www.andersonranch.org/workshops/workshop/understanding-soda-firing-c1320-22/",
            "org": "Anderson Ranch Arts Center",
            "city": "Snowmass",
            "why": "Understanding Soda Firing workshop - soda kiln loading and firing instruction"
          },
          {
            "url": "https://sonomacommunitycenter.org/programs/intro-to-mid-range-soda-fire-102525/",
            "org": "Sonoma Community Center",
            "city": "Sonoma",
            "why": "Intro to Mid-Range Soda Fire Workshop; crossdraft kiln with instructor Dan Clauson"
          },
          {
            "url": "https://www.panamapotterysacramento.com/are-there-any-pottery-classes-that-teach-soda-firing-techniques-in-sacramento-california",
            "org": "Panama Pottery / Sincere Ceramics",
            "city": "Sacramento",
            "why": "Soda firing technique classes available in Sacramento area"
          },
          {
            "url": "https://claycreationspacifica.com/firing-workshops/",
            "org": "Clay Creation Spacifica",
            "city": "San Gregorio",
            "why": "Soda firing workshops with hands-on clay body and glaze exploration"
          }
        ]
      },
      {
        "q": "soda firing community firing California",
        "n_results": 10,
        "kept": [
          {
            "url": "https://sonomacommunitycenter.org/programs/intro-to-mid-range-soda-fire-102525/",
            "org": "Sonoma Community Center",
            "city": "Sonoma",
            "why": "Community-led Soda Firing Club available after initial workshop; crossdraft kiln 'Julia'"
          }
        ]
      },
      {
        "q": "salt firing class California",
        "n_results": 9,
        "kept": [
          {
            "url": "https://www.munson.art/product/31916",
            "org": "Munson Community Arts",
            "city": "Santa Barbara",
            "why": "Mini-course in Salt Fired Ceramics with Veronica Byun; works fired in new salt kiln"
          },
          {
            "url": "https://www.sebarts.org/classes-lectures/ceramics-soda-firing-with-wood-workshop",
            "org": "Sebastopol Center For the Arts",
            "city": "Sebastopol",
            "why": "Salt and soda firing workshop combining techniques"
          }
        ]
      },
      {
        "q": "horsehair raku private firing California",
        "n_results": 10,
        "kept": [
          {
            "url": "https://www.clayartcenter.org/artist-workshops-and-special-topics/alternative-firing-horsehair-raku",
            "org": "Clay Art Center",
            "city": "Haystack Mountain",
            "why": "Alternative Firing: Horsehair Raku workshop and firing experience"
          }
        ]
      },
      {
        "q": "anagama workshop Southern California",
        "n_results": 10,
        "kept": [
          {
            "url": "https://www.cobbartandecology.org/blog/2018/8/5/anagama-build-workshop",
            "org": "Cobb Mountain Art and Ecology Project",
            "city": "Cobb Mountain",
            "why": "Anagama build workshop on 88 acres; participants build kiln foundations, walls, firebox, arch"
          },
          {
            "url": "http://www.woodkiln.org/",
            "org": "Spring Valley Anagama",
            "city": "San Jose",
            "why": "100 cubic foot anagama kiln fired by local potter community; wood-fire workshops offered"
          },
          {
            "url": "https://www.mikisr.com/events",
            "org": "Miki Shim Ceramics",
            "city": "San Jose area",
            "why": "Stoked: A Woodfire Workshop (Anagama/wood-fire community instruction)"
          },
          {
            "url": "https://www.adamahartstudio.org/events/anagama-woodfire/",
            "org": "Adamah Art Studios",
            "city": "California",
            "why": "Anagama Woodfire events and workshops"
          },
          {
            "url": "https://www.theokidokistudio.com/about",
            "org": "The Oki Doki Studio",
            "city": "California",
            "why": "Studio with wood-firing kiln facilities and community"
          }
        ]
      },
      {
        "q": "raku class Northern California",
        "n_results": 10,
        "kept": [
          {
            "url": "https://patch.com/california/sonomavalley/calendar/event/20260110/57fa6f73-5a41-4e0a-a749-2f892bfdbe37/intro-to-raku",
            "org": "Sonoma Community Center",
            "city": "Sonoma",
            "why": "Intro to Raku - 4-week class covering clay selection, hand-building, glaze, kiln firing, safety"
          }
        ]
      },
      {
        "q": "soda kiln firing Northern California",
        "n_results": 10,
        "kept": [
          {
            "url": "https://patch.com/california/sonomavalley/calendar/event/20260124/fb0c651a-b5ae-48d8-8f46-4634b451bcbf/intro-to-mid-range-soda-fire-workshop",
            "org": "Sonoma Community Center",
            "city": "Sonoma",
            "why": "Intro to mid-range soda firing workshop with crossdraft kiln experience"
          },
          {
            "url": "https://mendocinoartcenter.org/workshops/p/cone-10-woodfire-with-katie-applebaum-apr-13-17",
            "org": "Mendocino Art Center",
            "city": "Mendocino",
            "why": "Cone 10 Woodfire workshop (Apr 13-17); wood and atmospheric firing instruction"
          }
        ]
      },
      {
        "q": "raku class Southern California",
        "n_results": 10,
        "kept": [
          {
            "url": "https://archives.sbbotanicgarden.org/node/43886",
            "org": "Santa Barbara Botanic Garden",
            "why": "Raku pottery class offering"
          },
          {
            "url": "https://icasandiego.org/event/raku-firing-ceramics-course-2025/2024-10-28/",
            "org": "ICA San Diego",
            "why": "Raku firing ceramics course, taught by Suzanne Lussiere"
          },
          {
            "url": "https://www.active.com/manhattan-beach-ca/classes/arts-and-crafts-classes-raku-2026-110597374",
            "org": "Manhattan Beach Art Center",
            "city": "Manhattan Beach",
            "why": "Raku workshop offering"
          },
          {
            "url": "https://www.active.com/manhattan-beach-ca/classes/arts-and-crafts-classes-raku-2026-110597368",
            "org": "Manhattan Beach Art Center",
            "city": "Manhattan Beach",
            "why": "Raku workshop offering"
          },
          {
            "url": "https://www.active.com/manhattan-beach-ca/classes/arts-and-crafts-classes-raku-2026-110597371",
            "org": "Manhattan Beach Art Center",
            "city": "Manhattan Beach",
            "why": "Raku workshop offering"
          },
          {
            "url": "https://sonomacommunitycenter.org/programs/category/programming/arts/ceramics/ceramics-workshops/week/2026-04-13/",
            "org": "Sonoma Community Center",
            "city": "Sonoma",
            "why": "Introduction to Raku Processes workshop"
          },
          {
            "url": "https://patch.com/california/sonomavalley/calendar/event/20260110/57fa6f73-5a41-4e0a-a749-2f892bfdbe37/intro-to-raku",
            "org": "Patch - Sonoma Valley Events Calendar",
            "why": "Event directory listing intro to raku class"
          }
        ]
      },
      {
        "q": "wood firing workshop Southern California",
        "n_results": 10,
        "kept": [
          {
            "url": "https://www.eventbrite.com/e/wood-firing-workshop-tickets-1355235107689",
            "org": "Eventbrite - Wood Firing Workshop",
            "why": "Wood firing workshop listing (Sep 4 - Nov 20, 2025)"
          },
          {
            "url": "https://www.eventbrite.com/e/wood-firing-workshop-tickets-1689565659369",
            "org": "Eventbrite - Wood Firing Workshop",
            "why": "Wood firing workshop listing (Feb 5 - April 23)"
          },
          {
            "url": "https://www.eventbrite.com/e/wood-firing-workshop-tickets-1987875889297",
            "org": "Eventbrite - Wood Firing Workshop",
            "why": "Wood firing workshop listing (Sep 3 - Nov 19)"
          },
          {
            "url": "https://www.sebarts.org/classeslectures/p/ceramics-soda-firing-with-wood-workshop",
            "org": "Sebastopol Center For the Arts",
            "city": "Sebastopol",
            "why": "Ceramics: Soda firing with wood workshop offering"
          },
          {
            "url": "https://www.johndix.com/inperson-workshops",
            "org": "John Dix Ceramics",
            "why": "In-person ceramic workshops including wood-fired kiln firings"
          },
          {
            "url": "https://www.rubysclaystudio.org/workshops",
            "org": "Ruby's Clay Studio & Gallery",
            "why": "Ceramic studio workshops"
          },
          {
            "url": "https://www.commonclayspace.com/store/p/woodfire2026",
            "org": "Common Clay Space",
            "city": "Cupertino",
            "why": "Fall wood firing workshop with hands-on instruction"
          },
          {
            "url": "https://claycreationspacifica.com/artist-workshops/",
            "org": "Clay Creation Spacifica",
            "city": "Spacifica",
            "why": "Artist workshops including wood-soda firing"
          },
          {
            "url": "https://www.rodneymottart.com/about-rodney",
            "org": "Rodney Mott Art",
            "city": "Penryn",
            "why": "Woodstoke ceramic woodfiring workshops"
          }
        ]
      }
    ],
    "candidates": [
      {
        "key": "studiochannelislands.org",
        "urls": [
          "https://studiochannelislands.org/events/raku-classes/"
        ],
        "orgs": [
          "Studio Channel Islands",
          "Studio Channel Islands"
        ],
        "whys": [
          "Studio offering raku workshops in California",
          "Raku pottery classes and workshops"
        ],
        "found_by": [
          "search: raku workshop California",
          "search: raku workshop Northern California"
        ]
      },
      {
        "key": "org:classbento",
        "urls": [
          "https://classbento.com/raku-firing-workshop-san-francisco"
        ],
        "orgs": [
          "ClassBento",
          "ClassBento"
        ],
        "whys": [
          "Raku firing workshop class listing for SF area",
          "RAKU Firing Workshop - 2.5 hour raku classes, fire up to 3 pieces same-day"
        ],
        "found_by": [
          "search: raku workshop California",
          "search: raku workshop Bay Area"
        ]
      },
      {
        "key": "clayartistsofsandiego.org",
        "urls": [
          "https://www.clayartistsofsandiego.org/casd-workshops/casd-raku-workshop",
          "https://www.clayartistsofsandiego.org/casd-workshops/soda-firing-workshop-with-david-cuzick"
        ],
        "orgs": [
          "Clay Artists of San Diego",
          "Clay Artists of San Diego",
          "Clay Artists of San Diego (CASD)",
          "Clay Artists of San Diego (CASD)",
          "Cuzick Studio (David Cuzick)",
          "Francis Parker High School"
        ],
        "whys": [
          "Organization offering raku workshops in San Diego",
          "Raku workshop offering horsehair techniques",
          "CASD Raku Workshop offering hands-on firing techniques",
          "Soda Firing Workshop with David Cuzick - specialized firing instruction",
          "Hosted CASD's Feb 2024 soda firing workshop",
          "Hosted CASD's 2013 raku workshop (a school, probably not joinable on its own)"
        ],
        "found_by": [
          "search: raku workshop California",
          "search: horsehair raku workshop California",
          "search: raku workshop Southern California",
          "search: soda firing workshop Southern California",
          "named by: Clay Artists of San Diego (CASD)",
          "named by: Clay Artists of San Diego (CASD)"
        ]
      },
      {
        "key": "org:coursehorse",
        "urls": [
          "https://coursehorse.com/los-angeles/classes/art/pottery/ceramics/raku-workshop",
          "https://coursehorse.com/los-angeles/classes/art/pottery/ceramics/beach-pit-firing",
          "https://coursehorse.com/los-angeles/classes/art/pottery/ceramics?page=2",
          "https://coursehorse.com/los-angeles/classes/art/pottery?page=2"
        ],
        "orgs": [
          "Coursehorse",
          "CourseHorse",
          "CourseHorse",
          "CourseHorse"
        ],
        "whys": [
          "Directory/listing of raku workshops in LA area",
          "Beach pit firing class at Dockweiler Beach—pit-firing pottery for all levels",
          "Directory listing LA pottery ceramics classes including pit firing",
          "Directory of LA pottery classes"
        ],
        "found_by": [
          "search: raku workshop California",
          "search: pit firing pottery Los Angeles",
          "search: pit firing pottery Los Angeles",
          "search: pit firing pottery Los Angeles"
        ]
      },
      {
        "key": "bigceramicstore.com",
        "urls": [
          "https://bigceramicstore.com/pages/info-ceramics-classes"
        ],
        "orgs": [
          "Big Ceramic Store"
        ],
        "whys": [
          "Directory of ceramics classes and private teachers in California"
        ],
        "found_by": [
          "search: raku workshop California"
        ]
      },
      {
        "key": "sandiegocraft.org",
        "urls": [
          "https://sandiegocraft.org/product/ceramics-raku-firing/"
        ],
        "orgs": [
          "San Diego Craft Collective",
          "San Diego Craft Collective"
        ],
        "whys": [
          "Studio offering raku ceramic firing workshops",
          "Raku firing workshop led by instructor Steve Dilly"
        ],
        "found_by": [
          "search: raku workshop California",
          "search: raku workshop Southern California"
        ]
      },
      {
        "key": "claybythebaysf.com",
        "urls": [
          "https://www.claybythebaysf.com/raku-workshops/",
          "https://shop.claybythebaysf.com/products/raku-pottery-workshop",
          "https://www.claybythebaysf.com/workshops/"
        ],
        "orgs": [
          "Clay By The Bay",
          "Clay By The Bay Pottery Studios",
          "Clay By The Bay Pottery Studios",
          "Clay By The Bay",
          "Clay By The Bay",
          "Clay By The Bay",
          "Clay By The Bay",
          "Clay By The Bay",
          "Clay By The Bay Pottery Classes",
          "Clay By The Bay Pottery Studios"
        ],
        "whys": [
          "Studio offering raku workshops in SF",
          "Raku workshops with outdoor kiln building and alternative firing methods",
          "Offers pit firing workshops; ancient 30,000-year-old firing method",
          "Pottery studio offering raku workshops and atmospheric firing classes",
          "Wood firing and atmospheric firing workshops, 747 Beach St",
          "Ceramic workshops including atmospheric firing with soda and reduction",
          "Ceramic workshops including atmospheric firing with pit firing options",
          "Wood-fired kiln reaching 2350 degrees F with wood ash as glaze, multi-day firing process",
          "Offers workshops on building outdoor kilns and alternative firing methods including wood-fired kilns",
          "Raku workshops and alternative firing methods for public participation"
        ],
        "found_by": [
          "search: raku workshop California",
          "search: raku workshop Northern California",
          "search: pit firing workshop Northern California",
          "search: raku workshop Bay Area",
          "search: wood firing workshop Bay Area",
          "search: soda firing workshop Bay Area",
          "search: pit firing workshop Bay Area",
          "search: wood firing workshop Northern California",
          "search: wood firing workshop Bay Area",
          "search: wood kiln firing volunteers California"
        ]
      },
      {
        "key": "clayfolkstudio.com",
        "urls": [
          "https://www.clayfolkstudio.com/raku",
          "https://www.clayfolkstudio.com/workshops-1"
        ],
        "orgs": [
          "CLAYFOLK Studio",
          "CLAYFOLK Studio",
          "CLAYFOLK Studio",
          "CLAYFOLK Studio",
          "CLAYFOLK Studio",
          "CLAYFOLK studio"
        ],
        "whys": [
          "Studio offering 1-day raku firing retreats in Occidental",
          "Studio offering community workshops including raku",
          "1-day raku firing retreats almost every Saturday with horsehair techniques",
          "Community raku workshops almost every Saturday with horsehair techniques",
          "1-Day Raku Firing Retreats with horsehair and crackle glaze techniques; Saturdays Mar-May",
          "1-day Raku Firing Retreats Feb-May 2026, 4-5 firings daily, runs 10am-4pm"
        ],
        "found_by": [
          "search: raku workshop California",
          "search: raku community firing California",
          "search: horsehair raku workshop California",
          "search: horsehair raku community firing California",
          "search: raku workshop Northern California",
          "search: raku workshop Bay Area"
        ]
      },
      {
        "key": "thecuriousforge.org",
        "urls": [
          "https://thecuriousforge.org/product/raku-ceramics/"
        ],
        "orgs": [
          "The Curious Forge"
        ],
        "whys": [
          "Studio offering raku classes in Nevada County"
        ],
        "found_by": [
          "search: raku class California"
        ]
      },
      {
        "key": "acga.net",
        "urls": [
          "https://acga.net/classes/"
        ],
        "orgs": [
          "ACGA",
          "ACGA",
          "Walnut Creek Civic Arts Education"
        ],
        "whys": [
          "American Ceramic Glaze Association class listings directory",
          "Ceramics classes directory",
          "Courses include wheel, raku and alternative firing techniques."
        ],
        "found_by": [
          "search: raku class California",
          "search: art center ceramics raku California",
          "named by: ACGA (Association of Clay and Glass Artists of California)"
        ]
      },
      {
        "key": "smaartstudio.com",
        "urls": [
          "https://www.smaartstudio.com/"
        ],
        "orgs": [
          "SMAART Studio",
          "SMAart Studio",
          "SMAart Gallery & Studio"
        ],
        "whys": [
          "Studio offering raku workshops and multi-week classes in SF",
          "Pottery classes with 1-day raku workshops at Sutter Street location with raku firing available",
          "Raku classes and raku firing at the Sutter St studio."
        ],
        "found_by": [
          "search: raku class California",
          "search: raku workshop Bay Area",
          "named by: ACGA (Association of Clay and Glass Artists of California)"
        ]
      },
      {
        "key": "clayworksinc.org",
        "urls": [
          "https://www.clayworksinc.org/raku"
        ],
        "orgs": [
          "Clayworks"
        ],
        "whys": [
          "Studio offering raku classes (10-week format)"
        ],
        "found_by": [
          "search: raku class California"
        ]
      },
      {
        "key": "watervillecreates.org",
        "urls": [
          "https://www.watervillecreates.org/shows/community-raku-firing/",
          "https://www.watervillecreates.org/clay-studio/raku-firing/",
          "https://www.watervillecreates.org/raku-firing/"
        ],
        "orgs": [
          "Waterville Creates",
          "Waterville Creates",
          "Waterville Creates"
        ],
        "whys": [
          "Community raku firing event (location verification needed)",
          "Clay studio with raku firing capability (location verification needed)",
          "Raku firing workshop offering"
        ],
        "found_by": [
          "search: raku community firing California",
          "search: raku community firing California",
          "search: raku firing Fresno"
        ]
      },
      {
        "key": "clayroomsf.com",
        "urls": [
          "https://www.clayroomsf.com/workshop"
        ],
        "orgs": [
          "Clay Room",
          "Clay Room SF",
          "Clay Room SF"
        ],
        "whys": [
          "Studio offering community workshops",
          "Workshop directory for obvara and other pottery techniques",
          "Ceramics studio offering workshops"
        ],
        "found_by": [
          "search: raku community firing California",
          "search: obvara workshop California",
          "search: atmospheric firing workshop California"
        ]
      },
      {
        "key": "org:manhattan beach arts center",
        "urls": [
          "https://www.active.com/manhattan-beach-ca/classes/raku-2026-109783961",
          "https://www.active.com/manhattan-beach-ca/classes/pottery-and-ceramics-event-raku-2026-110597374",
          "https://www.active.com/manhattan-beach-ca/classes/arts-and-crafts-classes-raku-2026-110597374"
        ],
        "orgs": [
          "Manhattan Beach Arts Center",
          "Manhattan Beach Arts Center",
          "Manhattan Beach Arts Center (MB Art Center)"
        ],
        "whys": [
          "Private raku firing classes scheduled multiple times in 2026",
          "Raku firing workshops where students glaze and fire pieces",
          "Raku firing workshops at intermediate to advanced level"
        ],
        "found_by": [
          "search: raku private firing California",
          "search: raku firing Bay Area",
          "search: raku class Bay Area"
        ]
      },
      {
        "key": "independent.com",
        "urls": [
          "https://www.independent.com/?p=347013",
          "https://www.independent.com/?p=469416"
        ],
        "orgs": [
          "Independent (article)",
          "The Independent"
        ],
        "whys": [
          "Article about Clay Studio raku workshops in Goleta area",
          "Article on Sarah Klapp's pit-fired ceramics practice in Santa Barbara mountains (annual tradition)"
        ],
        "found_by": [
          "search: raku by appointment California",
          "search: pit firing pottery Santa Barbara"
        ]
      },
      {
        "key": "mikisr.com",
        "urls": [
          "https://www.mikisr.com/events/pit-firing-workshop-at-common-clay-space-in-cupertino-ca",
          "https://www.mikisr.com/events"
        ],
        "orgs": [
          "Common Clay Space / Miki Shim Ceramics",
          "Miki Shim Ceramics",
          "Miki Shim Ceramics",
          "Miki Shim Ceramics",
          "Miki Shim Ceramics / Common Clay Space",
          "Common Clay Space / Miki Shim Ceramics",
          "Common Clay Space / Miki Shim Ceramics",
          "Miki Shim Ceramics",
          "Miki Shim Ceramics"
        ],
        "whys": [
          "Pit firing workshop with instruction in ceramic firing technique",
          "Woodfire workshops including Stoked firing events in California",
          "Ceramic artist offering wood-fire workshops including anagama firing events",
          "Offers anagama firing classes and workshops",
          "Pit Firing Workshop; 3 days studio work + beach firing Feb 7, 2026",
          "Pit Firing Workshop Jan 30-Feb 7, 2026 - beach pit firing at Pine Tree State Park, Santa Cruz",
          "Pit Firing Workshop Jan 30-Feb 7, 2026 - hands-on instruction, beach firing",
          "Bay Area ceramic artist with wood-fired kiln access and events",
          "Stoked: A Woodfire Workshop (Anagama/wood-fire community instruction)"
        ],
        "found_by": [
          "search: pit fire workshop California",
          "search: wood fire workshop California",
          "search: anagama workshop California",
          "search: anagama class California",
          "search: pit firing workshop Northern California",
          "search: pit firing workshop Southern California",
          "search: pit firing workshop Bay Area",
          "search: anagama workshop Bay Area",
          "search: anagama workshop Southern California"
        ]
      },
      {
        "key": "claycreationspacifica.com",
        "urls": [
          "https://claycreationspacifica.com/firing-workshops/",
          "https://claycreationspacifica.com/artist-workshops/",
          "https://claycreationspacifica.com/woodfiring/"
        ],
        "orgs": [
          "Clay Creation Spacifica",
          "Clay Creation Spacifica",
          "Clay Creation Spacifica",
          "Clay Creation Spacifica",
          "Clay Creation Spacifica",
          "Clay Creation Spacifica",
          "Clay Creation Spacifica",
          "Clay Creation Spacifica",
          "Clay Creation Spacifica",
          "Clay Creation Spacifica",
          "Clay Creation Spacifica",
          "Clay Creation Spacifica",
          "Clay Creation Spacifica",
          "Clay Creation Spacifica",
          "Clay Creation Spacifica"
        ],
        "whys": [
          "Studio offering soda firing and atmospheric firing workshops including pit fire",
          "Artist workshops directory including obvara",
          "Wood-soda firing workshops with visiting artists; $500",
          "Soda firing workshops at Atmospheric Firing Center; Nov 7-21, 2026",
          "Atmospheric Firing Center offering soda firing workshops for members and non-members",
          "Atmospheric Firing Center offering multiple firing types including pit firing",
          "Woodfiring kiln (under repair/renovation in 2025, new dates anticipated)",
          "Soda firing workshops at Atmospheric Firing Center (November 2026 session)",
          "Atmospheric Firing Center offering multiple firing types including pit firing",
          "Wood-soda firing workshop June 19-21 with visiting artist instruction",
          "Artist workshops and firing workshops",
          "Soda firing workshops",
          "Soda firing workshops at Atmospheric Firing Center; participants get kiln space and materials",
          "Soda firing workshops with hands-on clay body and glaze exploration",
          "Artist workshops including wood-soda firing"
        ],
        "found_by": [
          "search: pit fire workshop California",
          "search: obvara workshop California",
          "search: wood firing workshop Northern California",
          "search: soda firing workshop Northern California",
          "search: soda firing workshop Southern California",
          "search: pit firing workshop Southern California",
          "search: wood firing workshop Bay Area",
          "search: soda firing workshop Bay Area",
          "search: pit firing workshop Bay Area",
          "search: wood firing workshop Northern California",
          "search: atmospheric firing workshop California",
          "search: atmospheric firing workshop California",
          "search: soda firing workshop California",
          "search: soda firing class California",
          "search: wood firing workshop Southern California"
        ]
      },
      {
        "key": "org:mill valley potter s studio",
        "urls": [
          "https://patch.com/california/millvalley/september-pit-fire-mill-valley-potters-studio"
        ],
        "orgs": [
          "Mill Valley Potter's Studio",
          "Mill Valley Potter's Studio"
        ],
        "whys": [
          "Studio offering pit fire workshops with scheduled burnishing and firing dates",
          "Pit fire workshops including burnishing instruction and beach pit fire events"
        ],
        "found_by": [
          "search: pit fire workshop California",
          "search: pit firing pottery Northern California"
        ]
      },
      {
        "key": "panamapotterysacramento.com",
        "urls": [
          "https://www.panamapotterysacramento.com/are-there-any-pottery-classes-that-teach-saggar-firing-techniques-in-sacramento-california",
          "https://www.panamapotterysacramento.com/are-there-any-pottery-classes-that-teach-soda-firing-techniques-in-sacramento-california"
        ],
        "orgs": [
          "Panama Pottery",
          "Panama Pottery",
          "Panama Pottery",
          "Panama Pottery / Sincere Ceramics"
        ],
        "whys": [
          "Offers pottery classes including saggar firing techniques",
          "Pottery classes with saggar firing techniques",
          "Community pottery classes with saggar firing",
          "Soda firing technique classes available in Sacramento area"
        ],
        "found_by": [
          "search: saggar workshop California",
          "search: saggar class California",
          "search: saggar community firing California",
          "search: soda firing class California"
        ]
      },
      {
        "key": "cantonclayworks.com",
        "urls": [
          "https://www.cantonclayworks.com/saggar-workshops"
        ],
        "orgs": [
          "Canton Clay Works"
        ],
        "whys": [
          "Offers saggar workshops for pottery"
        ],
        "found_by": [
          "search: saggar workshop California"
        ]
      },
      {
        "key": "johnbrittpottery.blogspot.com",
        "urls": [
          "https://johnbrittpottery.blogspot.com/2011/07/aluminum-foil-saggar-fire-workshop.html"
        ],
        "orgs": [
          "John Britt Pottery"
        ],
        "whys": [
          "Aluminum foil saggar fire workshop documentation"
        ],
        "found_by": [
          "search: saggar workshop California"
        ]
      },
      {
        "key": "teachinart.com",
        "urls": [
          "https://www.teachinart.com/alternative-firing.html"
        ],
        "orgs": [
          "Teaching Art",
          "Teaching Art",
          "Teaching Art"
        ],
        "whys": [
          "Online classes for raku, obvara, and saggar firing",
          "Online saggar, raku, and obvara firing classes",
          "Online class in raku/obvara/saggar firing techniques"
        ],
        "found_by": [
          "search: saggar workshop California",
          "search: saggar class California",
          "search: obvara class California"
        ]
      },
      {
        "key": "alisonwestceramics.com",
        "urls": [
          "https://alisonwestceramics.com/shop/ols/products/saggar-barrel-and-raku-firing-workshop"
        ],
        "orgs": [
          "Alison West Ceramics"
        ],
        "whys": [
          "Saggar, barrel, raku, and horsehair firing workshop"
        ],
        "found_by": [
          "search: saggar workshop California"
        ]
      },
      {
        "key": "lexart.org",
        "urls": [
          "https://www.lexart.org/event-details/saggar-workshop-with-shamai-gibsh"
        ],
        "orgs": [
          "Lex Art"
        ],
        "whys": [
          "Saggar workshop with artist Shamai Gibsh"
        ],
        "found_by": [
          "search: saggar workshop California"
        ]
      },
      {
        "key": "community.ceramicartsdaily.org",
        "urls": [
          "https://community.ceramicartsdaily.org/",
          "https://community.ceramicartsdaily.org/topic/4482-obvara-firing-technique/",
          "https://community.ceramicartsdaily.org/topic/23161-question-regarding-obvara-firings/",
          "https://community.ceramicartsdaily.org/topic/4635-obvara-firing-technique/page/2/",
          "https://community.ceramicartsdaily.org/topic/6192-obvara-after-pit-firing/",
          "https://community.ceramicartsdaily.org/topic/41434-obvara-in-same-firing-as-raku/",
          "https://community.ceramicartsdaily.org/topic/16279-horse-hair-rakuwhat-can-i-use-other-than-horse-hair/",
          "https://community.ceramicartsdaily.org/topic/12856-horse-hair-firing/",
          "https://community.ceramicartsdaily.org/topic/6264-raku-party-how-can-we-do-it-up-right/"
        ],
        "orgs": [
          "Ceramic Arts Daily Community",
          "Ceramic Arts Daily Community",
          "Ceramic Arts Daily Community",
          "Ceramic Arts Daily Community",
          "Ceramic Arts Daily Community",
          "Ceramic Arts Daily Community",
          "Ceramic Arts Daily Community",
          "Ceramic Arts Daily Community",
          "Ceramic Arts Daily Community (forum)"
        ],
        "whys": [
          "Online community forum and resource listing saggar firing information",
          "Community forum discussing obvara firing technique and practices",
          "Community forum questions and discussions about obvara firings",
          "Community forum discussion of obvara firing technique (page 2)",
          "Community forum discussing obvara combined with pit firing",
          "Community forum discussing obvara in same firing as raku",
          "Community forum discussion about horse hair raku techniques",
          "Community forum discussion about horse hair firing techniques",
          "Discussion of raku parties as social firing events, reference to Santa Cruz raku parties"
        ],
        "found_by": [
          "search: saggar community firing California",
          "search: obvara community firing California",
          "search: obvara community firing California",
          "search: obvara community firing California",
          "search: obvara community firing California",
          "search: obvara community firing California",
          "search: horsehair raku community firing California",
          "search: horsehair raku community firing California",
          "search: raku party California"
        ]
      },
      {
        "key": "theumbrellaarts.org",
        "urls": [
          "https://theumbrellaarts.org/node/1878"
        ],
        "orgs": [
          "The Umbrella Arts"
        ],
        "whys": [
          "Spring adult saggar workshop offering"
        ],
        "found_by": [
          "search: saggar private firing California"
        ]
      },
      {
        "key": "dilucaceramics.com",
        "urls": [
          "https://dilucaceramics.com/blogs/techniques/saggar-firing"
        ],
        "orgs": [
          "Diluca Ceramics"
        ],
        "whys": [
          "Saggar firing technique blog and potential studio location"
        ],
        "found_by": [
          "search: saggar private firing California"
        ]
      },
      {
        "key": "org:laney college mary catherine bassett",
        "urls": [
          "https://www.eventbrite.com/e/wood-firing-workshop-tickets-1689565659369"
        ],
        "orgs": [
          "Laney College / Mary Catherine Bassett"
        ],
        "whys": [
          "Wood firing workshop covering the wood fire process and ceramic studio skills"
        ],
        "found_by": [
          "search: wood fire workshop California"
        ]
      },
      {
        "key": "sebarts.org",
        "urls": [
          "https://www.sebarts.org/classeslectures/p/ceramics-soda-firing-with-wood-workshop",
          "https://sebarts.org/classes-lectures/ceramics-soda-firing-with-wood-lecture",
          "https://www.sebarts.org/ceramics",
          "https://www.sebarts.org/classes-lectures/ceramics-soda-firing-with-wood-workshop"
        ],
        "orgs": [
          "Sebastopol Center For the Arts",
          "Sebastopol Center For the Arts, California",
          "Sebastopol Center For the Arts, California",
          "Sebastopol Center for the Arts",
          "Sebastopol Center for the Arts",
          "Sebastopol Center For the Arts",
          "Sebastopol Center For the Arts",
          "Sebastopol Center For the Arts",
          "Sebastopol Center For the Arts",
          "Sebastopol Center For the Arts",
          "Sebastopol Center For the Arts",
          "Sebastopol Center for the Arts",
          "Sebastopol Center for the Arts",
          "Sebastopol Center For the Arts",
          "Sebastopol Center For the Arts",
          "Sebastopol Center For the Arts",
          "Sebastopol Center For the Arts",
          "Sebastopol Center For the Arts",
          "Sebastopol Center For the Arts"
        ],
        "whys": [
          "Ceramics soda firing with wood workshop",
          "Ceramics soda firing with wood workshop class",
          "Ceramics soda firing with wood workshop class",
          "Ceramics soda firing workshop with wood firing component",
          "Ceramics workshop combining soda and wood firing techniques",
          "Ceramics soda firing with wood workshop",
          "Soda firing with wood workshop",
          "Ceramics Soda Firing with Wood Workshop - specialized atmospheric firing techniques",
          "Soda Firing with Wood Workshop - teaching wood-firing methods",
          "Soda Firing with Wood Workshop teaching glazing and atmospheric firing",
          "Soda firing with wood workshop class",
          "Two-day workshop teaching soda glazing and wood firing ceramics",
          "Soda firing and wood firing ceramics workshop class",
          "Soda firing with wood workshop",
          "Ceramics studio with membership and open studio access",
          "Soda firing with wood workshop in California",
          "Soda glazing and wood firing ceramics class",
          "Salt and soda firing workshop combining techniques",
          "Ceramics: Soda firing with wood workshop offering"
        ],
        "found_by": [
          "search: wood fire workshop California",
          "search: wood firing workshop California",
          "search: wood firing class California",
          "search: soda firing private firing California",
          "search: salt firing workshop California",
          "search: wood firing workshop Northern California",
          "search: soda firing workshop Northern California",
          "search: soda firing workshop Southern California",
          "search: wood firing workshop Bay Area",
          "search: soda firing workshop Bay Area",
          "search: wood firing workshop Northern California",
          "search: wood firing workshop Bay Area",
          "search: potters guild wood firing California",
          "search: summer ceramics workshop wood soda California",
          "search: pottery studio membership soda kiln California",
          "search: soda firing workshop California",
          "search: soda firing class California",
          "search: salt firing class California",
          "search: wood firing workshop Southern California"
        ]
      },
      {
        "key": "johndix.com",
        "urls": [
          "https://www.johndix.com/inperson-workshops"
        ],
        "orgs": [
          "John Dix",
          "John Dix, California",
          "John Dix / Mendocino Arts Center",
          "John Dix / Mendocino Arts Center",
          "John Dix / Mendocino Art Center",
          "John Dix Pottery",
          "John Dix",
          "John Dix Ceramics"
        ],
        "whys": [
          "In-person wood-firing workshops including Mendocino Arts Center workshops and woodfiring extravaganza",
          "In-person ceramics workshops including firing workshops",
          "Woodfiring Extravaganza (Aug 15-17) with hands-on wood and soda kiln firing",
          "Woodfiring Extravaganza includes wood-fired soda kiln firing (Aug 15-17)",
          "Woodfiring Extravaganza workshop August 15-17, hands-on wood-fired train kiln and soda kiln",
          "Potter offering in-person workshops including Mendocino Arts Center (August workshops)",
          "In-person workshops including wood-firing in Mendocino area",
          "In-person ceramic workshops including wood-fired kiln firings"
        ],
        "found_by": [
          "search: wood fire workshop California",
          "search: wood firing workshop California",
          "search: wood firing workshop Northern California",
          "search: soda firing workshop Northern California",
          "search: wood firing workshop Northern California",
          "search: wood kiln firing volunteers California",
          "search: summer ceramics workshop wood soda California",
          "search: wood firing workshop Southern California"
        ]
      },
      {
        "key": "org:eventbrite",
        "urls": [
          "https://www.eventbrite.com/e/wood-firing-workshop-tickets-1355235107689",
          "https://www.eventbrite.com/e/wood-firing-workshop-tickets-1689565659369",
          "https://www.eventbrite.com/e/wood-firing-workshop-tickets-1987875889297"
        ],
        "orgs": [
          "Eventbrite",
          "Eventbrite",
          "Eventbrite"
        ],
        "whys": [
          "Wood Firing Workshop listing - Sep 4, 2025 to Nov 20, 2025",
          "Wood Firing Workshop listing - Feb 5 to Apr 23",
          "Wood Firing Workshop listing - Sep 3 to Nov 19"
        ],
        "found_by": [
          "search: wood firing workshop California",
          "search: wood firing workshop California",
          "search: wood firing workshop California"
        ]
      },
      {
        "key": "rubysclaystudio.org",
        "urls": [
          "https://www.rubysclaystudio.org/workshops"
        ],
        "orgs": [
          "Ruby's Clay Studio & Gallery, California",
          "Ruby's Clay Studio & Gallery, California",
          "Ruby's Clay Studio & Gallery",
          "Ruby's Clay Studio & Gallery",
          "Ruby's Clay Studio & Gallery",
          "Ruby's Clay Studio & Gallery"
        ],
        "whys": [
          "Ceramics workshops directory",
          "Ceramics workshops directory",
          "Wood firing workshops at site near Half Moon Bay, CA",
          "Studio offering soda firing workshops near Half Moon Bay",
          "Ceramics workshops",
          "Ceramic studio workshops"
        ],
        "found_by": [
          "search: wood firing workshop California",
          "search: wood firing class California",
          "search: wood firing workshop Bay Area",
          "search: wood firing workshop Bay Area",
          "search: summer ceramics workshop wood soda California",
          "search: wood firing workshop Southern California"
        ]
      },
      {
        "key": "kazegama.com",
        "urls": [
          "https://kazegama.com/workshops/"
        ],
        "orgs": [
          "Kazegama, Bombay Beach, California"
        ],
        "whys": [
          "Wood-fired ceramic workshops with kiln producing wood-fired surfaces in 8 hours"
        ],
        "found_by": [
          "search: wood firing workshop California"
        ]
      },
      {
        "key": "commonclayspace.com",
        "urls": [
          "https://www.commonclayspace.com/store/p/woodfire2026",
          "https://www.commonclayspace.com/store/p/pit-firing"
        ],
        "orgs": [
          "Common Clay Space, Cupertino, California",
          "Common Clay Space, Cupertino, California",
          "Common Clay Space",
          "Common Clay Space",
          "Common Clay Space",
          "Common Clay Space"
        ],
        "whys": [
          "Fall Wood Firing Workshop - five-week traditional wood-fired ceramics class",
          "Five-week wood firing workshop with community participation and stoking shifts",
          "5-week beginner wood firing workshop teaching kiln loading and ash effects",
          "Pit Firing Workshop with instructor Miki Shim; beach firing at Santa Cruz",
          "Five-week wood firing workshop, beginner-friendly, traditional wood-fired ceramics",
          "Fall wood firing workshop with hands-on instruction"
        ],
        "found_by": [
          "search: wood firing workshop California",
          "search: wood firing community firing California",
          "search: wood firing workshop Northern California",
          "search: pit firing workshop Northern California",
          "search: wood firing workshop Northern California",
          "search: wood firing workshop Southern California"
        ]
      },
      {
        "key": "org:eventbrite laney college oakland",
        "urls": [
          "https://www.eventbrite.com/e/wood-firing-workshop-tickets-1987875889297"
        ],
        "orgs": [
          "Eventbrite/Laney College, Oakland"
        ],
        "whys": [
          "Wood Firing Workshop at Laney College - intermediate ceramics class Feb-Apr"
        ],
        "found_by": [
          "search: wood firing class California"
        ]
      },
      {
        "key": "org:classbento los angeles",
        "urls": [
          "https://classbento.com/beach-pit-firing-pottery-course-los-angeles"
        ],
        "orgs": [
          "ClassBento, Los Angeles"
        ],
        "whys": [
          "Beach Pit Firing Pottery Course - sawdust and wood firing techniques"
        ],
        "found_by": [
          "search: wood firing class California"
        ]
      },
      {
        "key": "laney.edu",
        "urls": [
          "https://laney.edu/art/workshops-and-events/",
          "https://laney.edu/news/laney-college-builds-new-wood-fired-kiln"
        ],
        "orgs": [
          "Laney College, Oakland, California",
          "Laney College",
          "Laney College",
          "Laney College",
          "Laney College",
          "Laney College",
          "Laney College",
          "Laney College",
          "Laney College",
          "Laney College",
          "Laney College",
          "Laney College",
          "Laney College"
        ],
        "whys": [
          "Art workshops and events including wood firing classes",
          "12-week wood firing ceramics workshop for intermediate artists; $665-$765",
          "12-week wood firing ceramics workshop - loading and firing train kiln, intermediate level",
          "12-week wood firing workshop offering",
          "Offers 12-week wood firing ceramics workshop; intermediate level; loads kiln, fires as team",
          "12-week wood firing ceramics workshop for intermediate artists",
          "12-week wood firing ceramics workshop accessible to Sacramento region",
          "Workshop listings including 12-week wood firing ceramics workshop",
          "Wood firing workshops and events listings (Oakland area)",
          "Oakland college art workshops, California",
          "12-week wood firing workshop for intermediate ceramic artists",
          "Community college wood firing workshops, 12-week wood kiln course",
          "New American-style wood-fired train kiln on campus, active program"
        ],
        "found_by": [
          "search: wood firing class California",
          "search: wood firing workshop Northern California",
          "search: wood firing workshop Bay Area",
          "search: wood firing workshop Los Angeles",
          "search: wood firing workshop San Francisco",
          "search: wood firing workshop San Diego",
          "search: wood firing workshop Sacramento",
          "search: wood firing workshop Santa Barbara",
          "search: wood firing workshop Fresno",
          "search: wood firing workshop Santa Cruz",
          "search: wood firing workshop Bay Area",
          "search: potters guild wood firing California",
          "search: community college ceramics wood kiln California"
        ]
      },
      {
        "key": "yellowsprings.org",
        "urls": [
          "https://yellowsprings.org/wood-kiln-firing/"
        ],
        "orgs": [
          "Historic Yellow Springs, California",
          "Historic Yellow Springs, California"
        ],
        "whys": [
          "Wood kiln firing workshops and community access",
          "Wood kiln firing - community access to wood-fired pottery"
        ],
        "found_by": [
          "search: wood firing class California",
          "search: wood firing community firing California"
        ]
      },
      {
        "key": "tylerparkarts.org",
        "urls": [
          "https://tylerparkarts.org/woodkiln-firing/"
        ],
        "orgs": [
          "Tyler Park Arts, California",
          "Tyler Park Arts"
        ],
        "whys": [
          "Wood kiln firing community program",
          "Manabigama wood kiln with volunteer firing workshops, periodic community firings"
        ],
        "found_by": [
          "search: wood firing community firing California",
          "search: wood kiln firing volunteers California"
        ]
      },
      {
        "key": "woodkiln.org",
        "urls": [
          "http://www.woodkiln.org/"
        ],
        "orgs": [
          "Spring Valley Anagama, San Jose area, California",
          "Spring Valley Anagama",
          "Spring Valley Anagama",
          "Spring Valley Anagama",
          "Spring Valley Anagama",
          "Spring Valley Anagama",
          "Spring Valley Anagama",
          "Spring Valley Anagama"
        ],
        "whys": [
          "100 cubic foot anagama kiln - community of potters wood firing",
          "Community-run 100 cubic foot anagama wood-fired kiln hosting workshops and firings",
          "Community anagama kiln hosting classes and workshops for ceramic firing",
          "100 cubic foot community-run anagama kiln with regular firings open to potters",
          "100 cubic foot anagama fired by local pottery community",
          "100 cubic foot anagama kiln fired by community of potters, crew-based firings",
          "100 cubic foot anagama fired by local potter community, crew-based 5-6 day firings",
          "100 cubic foot anagama kiln fired by local potter community; wood-fire workshops offered"
        ],
        "found_by": [
          "search: wood firing community firing California",
          "search: anagama workshop California",
          "search: anagama class California",
          "search: anagama community firing California",
          "search: anagama workshop Northern California",
          "search: potters guild wood firing California",
          "search: anagama firing crew California",
          "search: anagama workshop Southern California"
        ]
      },
      {
        "key": "site.corsizio.com",
        "urls": [
          "https://site.corsizio.com/c/6331f4b34ab8bc6e82bcfa64",
          "https://site.corsizio.com/event/698e5ecf2e75a237746544f7",
          "https://site.corsizio.com/event/6a6c0ef96905bd52fff107ff"
        ],
        "orgs": [
          "Corsizio Events, California",
          "Woolman (Nevada City)",
          "Corsizio event platform - Sacramento raku event",
          "Corsizio Event Listing"
        ],
        "whys": [
          "136th Noborigama Kiln Firing - collaborative multi-day pottery firing event",
          "136th Noborigama Kiln Firing - historic wood-fired climbing kiln, multi-day firing event, participants can fire pieces",
          "Raku class or workshop event listing",
          "Event listing platform for classes/workshops"
        ],
        "found_by": [
          "search: wood firing private firing California",
          "search: wood firing by appointment California",
          "search: raku class Sacramento",
          "search: raku class Santa Cruz"
        ]
      },
      {
        "key": "mendocinoartcenter.org",
        "urls": [
          "https://www.mendocinoartcenter.org/workshops/p/a-woodfire-ceramics-workshop-with-katie-applebaum-may-13-19",
          "https://www.mendocinoartcenter.org/workshops/p/wood-fire-extravaganza-firing-the-train-and-wood-soda-kiln-w-john-dix-aug-15-17",
          "https://www.mendocinoartcenter.org/july-woodfire/p/a-woodfire-ceramics-workshop-with-katie-applebaum-may-13-19",
          "https://mendocinoartcenter.org/workshops/p/safe-stokes-a-queer-woodfire-ceramics-workshop-with-katie-applebaum-feb-16-23",
          "https://mendocinoartcenter.org/workshops/p/wood-fire-extravaganza-firing-the-train-and-wood-soda-kiln-w-john-dix-aug-15-17",
          "https://mendocinoartcenter.org/past-workshops/p/safe-stokes-a-queer-woodfire-ceramics-workshop-with-katie-applebaum-feb-16-23",
          "https://www.mendocinoartcenter.org/workshops/p/exploring-raku-techniques-with-coreen-abbott-august-30-31",
          "https://wanderlog.com/place/details/246016",
          "https://wanderlog.com/place/details/246016/mendocino-art-center",
          "https://www.mendocinoartcenter.org/",
          "https://www.mendocinoartcenter.org/workshops/p/safe-stokes-w-katie-applebaum-oct-19-thru-23",
          "https://www.mendocinoartcenter.org/workshops/p/stokerama-a-woodfiring-experience-with-bruce-dehnert-sep-20-28",
          "https://www.mendocinoartcenter.org/workshops/p/train-kiln-firing-with-antra-sinha-may-20-26",
          "https://www.mendocinoartcenter.org/workshops/p/pit-firing-with-sakshi-mathuria-march-7-8",
          "https://www.mendocinoartcenter.org/ceramic-residency",
          "https://www.artworkarchive.com/call-for-entry/mendocino-art-center-artist-in-residency-ceramics-program-2025",
          "https://mendocinoartcenter.org/workshops/p/cone-10-woodfire-with-katie-applebaum-apr-13-17",
          "https://acga.net/classes/"
        ],
        "orgs": [
          "Mendocino Art Center",
          "Mendocino Art Center",
          "Mendocino Art Center",
          "Mendocino Art Center",
          "Mendocino Art Center",
          "Mendocino Art Center",
          "Mendocino Art Center",
          "Mendocino Art Center",
          "Mendocino Art Center",
          "Mendocino Art Center",
          "Mendocino Art Center",
          "Mendocino Art Center",
          "Mendocino Art Center (Wanderlog listing)",
          "Mendocino Art Center",
          "Mendocino Art Center",
          "Mendocino Art Center",
          "Mendocino Art Center - Safe Stokes Workshop",
          "Mendocino Art Center - Stokerama",
          "Mendocino Art Center - Train Kiln Firing",
          "Mendocino Art Center",
          "Mendocino Art Center - Woodfire/Soda Workshop",
          "Mendocino Art Center - Pit Firing Workshop",
          "Mendocino Art Center",
          "Mendocino Art Center",
          "Mendocino Art Center",
          "Mendocino Art Center"
        ],
        "whys": [
          "Woodfire ceramics workshop with professional instruction in wood-fired pottery techniques",
          "Wood-fire extravaganza workshop—train kiln and wood-soda kiln with instructor John Dix",
          "Woodfire ceramics workshop; Katie Applebaum instruction; accessible to Bay Area",
          "Wood-fire extravaganza workshop firing train and soda kilns; accessible California location",
          "Wood-fire extravaganza with train and soda kiln firing instruction",
          "Wood-fire extravaganza workshop Aug 15-17 firing wood train kiln and wood-soda kiln; California location",
          "Wood-fire ceramics workshop with instructor Katie Applebaum (active California workshop)",
          "Wood-fire extravaganza workshop firing active kilns (train kiln and wood-soda kiln)",
          "Wood fire ceramics workshop, California, specialized firing technique",
          "Wood-fire and wood-soda kiln firing workshop, California",
          "Woodfire ceramics workshop instructor offering, California",
          "Raku firing workshop with instructor Coreen Abbott, hands-on kiln firing, California",
          "Directory listing for Mendocino Art Center with workshop offerings",
          "Raku techniques class with hands-on firing experience, California",
          "Directory listing of raku and other pottery classes available at art center",
          "Primary venue offering multiple wood-firing workshops (Katie Applebaum, Bruce DeHnert, Antra Sinha train kiln firing) with catenary arch kiln and wood-soda kiln",
          "Ongoing queer woodfire ceramics workshop series with Katie Applebaum, loads and fires cross-draft catenary wood soda kiln",
          "Wood-firing ceramics workshop with Bruce DeHnert, September 20-28",
          "Workshop on wood-firing and wadding techniques with train kiln, May 20-26",
          "Operates catenary arch kiln with wood-soda firing capability; workshops teach soda firing techniques and glaze preparation",
          "Katie Applebaum workshop covering loading and firing wood-soda kiln at cone 10",
          "Pit firing workshop with artist Sakshi Mathuria (artist in residence), March 7-8",
          "8-month ceramics residency with access to wood-fired train kiln and wood-soda kiln",
          "Ceramics artist in residency program with wood kiln access",
          "Cone 10 Woodfire workshop (Apr 13-17); wood and atmospheric firing instruction",
          "Two-day workshops have included Pit Fire on the Beach and Raku; also artist residency."
        ],
        "found_by": [
          "search: wood firing by appointment California",
          "search: wood firing workshop Los Angeles",
          "search: wood firing workshop Oakland",
          "search: wood firing workshop San Diego",
          "search: wood firing workshop Sacramento",
          "search: wood firing workshop Orange County",
          "search: wood firing workshop Santa Barbara",
          "search: wood firing workshop Fresno",
          "search: wood firing workshop Santa Cruz",
          "search: wood firing workshop Santa Cruz",
          "search: wood firing workshop Santa Cruz",
          "search: raku firing Mendocino",
          "search: raku firing Mendocino",
          "search: raku class Mendocino",
          "search: raku class Mendocino",
          "search: wood firing workshop Mendocino",
          "search: wood firing workshop Mendocino",
          "search: wood firing workshop Mendocino",
          "search: wood firing workshop Mendocino",
          "search: soda kiln firing Mendocino",
          "search: soda kiln firing Mendocino",
          "search: pit firing pottery Mendocino",
          "search: ceramics residency wood kiln California",
          "search: ceramics residency wood kiln California",
          "search: soda kiln firing Northern California",
          "named by: ACGA (Association of Clay and Glass Artists of California)"
        ]
      },
      {
        "key": "andersonranch.org",
        "urls": [
          "https://andersonranch.org/programs/locals-clubs",
          "https://www.andersonranch.org/add-event-to-calendar/?q=4481",
          "https://www.andersonranch.org/workshops/workshop/atmospheric-firing-form-and-surface-c0404-23/",
          "https://www.andersonranch.org/workshops/workshop/understanding-soda-firing-c1320-22/"
        ],
        "orgs": [
          "Anderson Ranch",
          "Anderson Ranch",
          "Anderson Ranch Arts Center",
          "Anderson Ranch Arts Center"
        ],
        "whys": [
          "Locals Clubs program including wood/soda kiln firing access by appointment",
          "Soda firing workshop/event available by appointment",
          "Workshop on atmospheric firing - wood/soda firings",
          "Understanding Soda Firing workshop - soda kiln loading and firing instruction"
        ],
        "found_by": [
          "search: wood firing by appointment California",
          "search: soda firing by appointment California",
          "search: atmospheric firing workshop California",
          "search: soda firing class California"
        ]
      },
      {
        "key": "theclaystudio.org",
        "urls": [
          "https://www.theclaystudio.org/soda-kiln-firing",
          "https://public.theclaystudio.org/public/classdirect/3739",
          "https://www.clayca.com/outside-firings"
        ],
        "orgs": [
          "The Clay Studio",
          "The Clay Studio",
          "Clay studio (California-based)"
        ],
        "whys": [
          "Soda kiln firing with upcoming firing dates listed; community firing access available",
          "Soda Kiln Community Firing event - participants can fire work in soda kiln",
          "Outside firings available to public"
        ],
        "found_by": [
          "search: soda firing private firing California",
          "search: soda firing private firing California",
          "search: kiln opening wood fired California"
        ]
      },
      {
        "key": "sonomacommunitycenter.org",
        "urls": [
          "https://sonomacommunitycenter.org/programs/soda-club-firing-11525/",
          "https://patch.com/california/sonomavalley/calendar/event/20260124/fb0c651a-b5ae-48d8-8f46-4634b451bcbf/intro-to-mid-range-soda-fire-workshop",
          "https://sonomacommunitycenter.org/ceramics/",
          "https://patch.com/california/sonomavalley/calendar/event/20260110/57fa6f73-5a41-4e0a-a749-2f892bfdbe37/intro-to-raku",
          "https://sonomacommunitycenter.org/ceramics/ceramics-studio",
          "https://sonomacommunitycenter.org/programs/intro-to-mid-range-soda-fire-102525/",
          "https://sonomacommunitycenter.org/programs/category/programming/arts/ceramics/ceramics-workshops/week/2026-04-13/"
        ],
        "orgs": [
          "Sonoma Community Center",
          "Sonoma Community Center",
          "Sonoma Community Center",
          "Sonoma Community Center",
          "Sonoma Community Center",
          "Sonoma Community Center",
          "Sonoma Community Center",
          "Sonoma Community Center",
          "Sonoma Community Center",
          "Sonoma Community Center",
          "Sonoma Community Center",
          "Sonoma Community Center",
          "Sonoma Community Center",
          "Sonoma Community Center",
          "Sonoma Community Center"
        ],
        "whys": [
          "Soda Club Firing - ongoing access to soda kiln for community members, can schedule firings",
          "Intro to Mid-Range Soda Fire Workshop - hands-on soda firing instruction",
          "Ceramics instruction with soda firing kiln access and 60+ hours open studio",
          "Intro to Raku class, hands-on firing technique instruction, Saturdays January 10-31, 2026",
          "4-week raku class covering fundamentals and firing process",
          "Intro to mid-range soda fire workshop with hands-on training",
          "60+ hours/week open studio access with soda firing kiln, club firing classes",
          "Ceramics studio with soda kiln access and full studio membership",
          "Ceramics open studio program with kiln access",
          "Intro to Mid-Range Soda Fire Workshop with crossdraft kiln firing",
          "Intro to Mid-Range Soda Fire Workshop; crossdraft kiln with instructor Dan Clauson",
          "Community-led Soda Firing Club available after initial workshop; crossdraft kiln 'Julia'",
          "Intro to Raku - 4-week class covering clay selection, hand-building, glaze, kiln firing, safety",
          "Intro to mid-range soda firing workshop with crossdraft kiln experience",
          "Introduction to Raku Processes workshop"
        ],
        "found_by": [
          "search: soda firing by appointment California",
          "search: soda firing by appointment California",
          "search: soda firing workshop Northern California",
          "search: raku firing Northern California",
          "search: raku class Bay Area",
          "search: soda kiln firing Bay Area",
          "search: community college ceramics soda kiln California",
          "search: pottery studio membership soda kiln California",
          "search: pottery studio membership soda kiln California",
          "search: soda firing workshop California",
          "search: soda firing class California",
          "search: soda firing community firing California",
          "search: raku class Northern California",
          "search: soda kiln firing Northern California",
          "search: raku class Southern California"
        ]
      },
      {
        "key": "events.humanitix.com",
        "urls": [
          "https://events.humanitix.com/skill-building-workshop-salt-firing-w-nathan-stanfield",
          "https://www.amoca.org/studio1/workshops/",
          "https://amoca.org/studio1/workshops",
          "https://events.humanitix.com/skill-building-workshop-soda-firing-w-haley-tessler",
          "https://acga.net/classes/"
        ],
        "orgs": [
          "AMOCA (American Museum of Ceramic Art)",
          "AMOCA (American Museum of Ceramic Art)",
          "AMOCA (American Museum of Ceramic Art)",
          "AMOCA (American Museum of Ceramic Art)",
          "AMOCA (American Museum of Ceramic Art)",
          "AMOCA (American Museum of Ceramic Art)"
        ],
        "whys": [
          "Skill Building Workshop: Salt Firing with Nathan Stanfield - hands-on salt firing workshop, participants fire their own work",
          "Workshops & Specialty Classes directory listing ceramics programs including firing workshops",
          "Museum offering hands-on ceramic workshops including salt firing techniques",
          "Skill Building Workshop: Soda Firing w/Haley Tessler, Feb-Mar 2025",
          "Ceramics workshops and specialty classes including atmospheric firing",
          "Youth and adult ceramics classes; no firing type stated, so worth checking for raku or wood."
        ],
        "found_by": [
          "search: salt firing workshop California",
          "search: salt firing workshop California",
          "search: salt firing by appointment California",
          "search: soda firing workshop California",
          "search: soda firing workshop California",
          "named by: ACGA (Association of Clay and Glass Artists of California)"
        ]
      },
      {
        "key": "mnet.mwpai.org",
        "urls": [
          "https://mnet.mwpai.org/product/32608"
        ],
        "orgs": [
          "Munson School of Art"
        ],
        "whys": [
          "Salt-Fired Ceramics workshop - six-week program exploring atmospheric firing techniques"
        ],
        "found_by": [
          "search: salt firing workshop California"
        ]
      },
      {
        "key": "adamahartstudio.org",
        "urls": [
          "https://www.adamahartstudio.org/event-details/anagama-wood-fire-with-joe-cole",
          "https://www.adamahartstudio.org/events/anagama-woodfire/"
        ],
        "orgs": [
          "Adama Hart Studio",
          "Adamah Art Studios",
          "Adamah Art Studios",
          "Adam Hart Studio",
          "Adamah Art Studios"
        ],
        "whys": [
          "Offers anagama wood fire workshops led by experienced potters",
          "Community anagama woodfire events and firings",
          "Anagama woodfire events and workshops",
          "Anagama wood-fire workshop with instructor Joe Cole",
          "Anagama Woodfire events and workshops"
        ],
        "found_by": [
          "search: anagama workshop California",
          "search: anagama community firing California",
          "search: anagama workshop Northern California",
          "search: anagama workshop Bay Area",
          "search: anagama workshop Southern California"
        ]
      },
      {
        "key": "cobbartandecology.org",
        "urls": [
          "https://www.cobbartandecology.org/facilities",
          "https://lakecountyfeatures.substack.com/p/field-notes-kilns-craft-and-community",
          "https://lakecountyfeatures.substack.com/p/cobb-mountain-art-and-ecology-project",
          "https://www.cobbartandecology.org/blog/2018/8/5/anagama-build-workshop"
        ],
        "orgs": [
          "Cobb Mountain Art and Ecology Project",
          "Cobb Mountain Art and Ecology Project",
          "Cobb Mountain Art and Ecology Project",
          "Cobb Mountain Art and Ecology Project",
          "Cobb Mountain Art and Ecology Project",
          "Cobb Mountain Art and Ecology Project"
        ],
        "whys": [
          "80-acre property with anagama kiln and other firing kilns (Train, Cross Draft, Gas, Electric); hosts workshops",
          "22-foot anagama kiln firing 2 times annually; offers classes and community firing participation",
          "Article describing community kiln operations and anagama firing events at this facility",
          "Article about community clay firing events and kiln operations",
          "22-foot anagama kiln on 88-acre site; fired up to 8 days twice yearly; founded by Scott Parady",
          "Anagama build workshop on 88 acres; participants build kiln foundations, walls, firebox, arch"
        ],
        "found_by": [
          "search: anagama workshop California",
          "search: anagama class California",
          "search: anagama community firing California",
          "search: anagama community firing California",
          "search: anagama workshop Northern California",
          "search: anagama workshop Southern California"
        ]
      },
      {
        "key": "eastcreekart.org",
        "urls": [
          "https://www.eastcreekart.org/"
        ],
        "orgs": [
          "East Creek Art"
        ],
        "whys": [
          "Art facility with community kiln access and firing participation"
        ],
        "found_by": [
          "search: anagama community firing California"
        ]
      },
      {
        "key": "higherfirestudios.com",
        "urls": [
          "https://higherfirestudios.com/event/obvara-firing-workshop-i/",
          "https://higherfirestudios.com/event/obvara-firing-workshop-ii/",
          "https://higherfirestudios.com/event/mica-horsehair-raku-workshop-2pm-5pm/",
          "https://higherfirestudios.com/event/mica-horsehair-raku-workshop-10am-1pm/",
          "https://higherfirestudios.com/event/mica-horsehair-raku-workshop-6pm-9pm/"
        ],
        "orgs": [
          "Higher Fire Studios",
          "Higher Fire Studios",
          "Higher Fire Studios",
          "Higher Fire Studios",
          "Higher Fire Studios",
          "Higher Fire Studios"
        ],
        "whys": [
          "Obvara firing workshop, morning session",
          "Obvara firing workshop, afternoon session",
          "Mica horsehair raku workshop, afternoon session",
          "Mica horsehair raku workshop, morning session",
          "Mica horsehair raku workshop, evening session",
          "Community horsehair raku workshop"
        ],
        "found_by": [
          "search: obvara workshop California",
          "search: obvara workshop California",
          "search: horsehair raku workshop California",
          "search: horsehair raku workshop California",
          "search: horsehair raku workshop California",
          "search: horsehair raku community firing California"
        ]
      },
      {
        "key": "shelbyprindaville.com",
        "urls": [
          "https://shelbyprindaville.com/upcoming-events-and-blog/2023/10/30/an-obvara-raku-workshop",
          "https://shelbyprindaville.com/upcoming-events-and-blog/2021/8/15/second-raku-workshop-horsehair-edition"
        ],
        "orgs": [
          "Shelby Prindaville",
          "Shelby Prindaville"
        ],
        "whys": [
          "Obvara raku workshop event listing",
          "Horsehair raku workshop event"
        ],
        "found_by": [
          "search: obvara workshop California",
          "search: horsehair raku workshop California"
        ]
      },
      {
        "key": "clayroomoakland.com",
        "urls": [
          "https://www.clayroomoakland.com/service-page/obvara-workshop",
          "https://www.clayroomoakland.com/event-details/member-raku-firing-at-grand-opening-party"
        ],
        "orgs": [
          "Clay Room Oakland",
          "Clayroom Oakland"
        ],
        "whys": [
          "Monthly obvara firing workshop offering",
          "Member raku firing event at studio opening"
        ],
        "found_by": [
          "search: obvara workshop California",
          "search: raku party California"
        ]
      },
      {
        "key": "earthinterruptedpottery.com",
        "urls": [
          "https://www.earthinterruptedpottery.com/about/"
        ],
        "orgs": [
          "Earth Interrupted Pottery",
          "Earth Interrupted Pottery"
        ],
        "whys": [
          "Studio practicing obvara, pit, and raku firing",
          "Studio practicing obvara firing"
        ],
        "found_by": [
          "search: obvara workshop California",
          "search: obvara community firing California"
        ]
      },
      {
        "key": "ilwacoartworks.square.site",
        "urls": [
          "https://ilwacoartworks.square.site/product/sat-3-22-obvara-raku-class-firing-2pm-5pm/1805?cs=true&cst=custom"
        ],
        "orgs": [
          "Ilwaco Art Works"
        ],
        "whys": [
          "Obvara raku class and firing event"
        ],
        "found_by": [
          "search: obvara class California"
        ]
      },
      {
        "key": "bethanyarts.org",
        "urls": [
          "https://bethanyarts.org/calendar/obvara-pottery/",
          "https://bethanyarts.org/product/pottery-firing/"
        ],
        "orgs": [
          "Bethany Arts Community",
          "Bethany Arts Community",
          "Bethany Arts Community"
        ],
        "whys": [
          "Obvara pottery firing community event",
          "Pottery firing community offering",
          "Horsehair & obvara pottery community firing with Keith H. Gordon instructor"
        ],
        "found_by": [
          "search: obvara community firing California",
          "search: obvara community firing California",
          "search: horsehair raku community firing California"
        ]
      },
      {
        "key": "stanleymarketplace.com",
        "urls": [
          "https://www.stanleymarketplace.com/all-events/raku-pottery-workshop"
        ],
        "orgs": [
          "Stanley Marketplace/Friend Assembly"
        ],
        "whys": [
          "Raku pottery workshop with horsehair techniques"
        ],
        "found_by": [
          "search: horsehair raku workshop California"
        ]
      },
      {
        "key": "paseopottery.com",
        "urls": [
          "https://paseopottery.com/raku"
        ],
        "orgs": [
          "Paseo Pottery",
          "Paseo Pottery"
        ],
        "whys": [
          "Raku workshops with horsehair and group firing options",
          "Raku workshops including horsehair techniques for groups"
        ],
        "found_by": [
          "search: horsehair raku workshop California",
          "search: horsehair raku class California"
        ]
      },
      {
        "key": "thecrucible.org",
        "urls": [
          "https://www.thecrucible.org/product/horsehair-and-sugar-raku/",
          "https://wanderlog.com/place/details/382220/the-crucible",
          "https://acga.net/classes/"
        ],
        "orgs": [
          "The Crucible",
          "The Crucible",
          "The Crucible"
        ],
        "whys": [
          "Horsehair and sugar raku class, ages 16+",
          "Fire arts studio; workshops in fire and performance; metal and craft arts",
          "Listed with ceramics classes; no firing type stated, so worth checking for gas or raku."
        ],
        "found_by": [
          "search: horsehair raku class California",
          "search: wood firing workshop Oakland",
          "named by: ACGA (Association of Clay and Glass Artists of California)"
        ]
      },
      {
        "key": "grandclayarts.com",
        "urls": [
          "https://www.grandclayarts.com/alternative_firing_raku_horse.php"
        ],
        "orgs": [
          "Grand Clay Arts",
          "Grand Clay Arts"
        ],
        "whys": [
          "Alternative firing raku/horsehair class offering",
          "Alternative firing raku/horsehair community class"
        ],
        "found_by": [
          "search: horsehair raku class California",
          "search: horsehair raku community firing California"
        ]
      },
      {
        "key": "blossomhillcrafts.com",
        "urls": [
          "https://www.blossomhillcrafts.com/horse-hair-raku.html"
        ],
        "orgs": [
          "Blossom Hill Crafts"
        ],
        "whys": [
          "Horse hair raku class offering"
        ],
        "found_by": [
          "search: horsehair raku class California"
        ]
      },
      {
        "key": "artfulhome.com",
        "urls": [
          "https://www.artfulhome.com/products/ceramic-vessel-horsehair-raku-pottery-i-149792",
          "https://www.artfulhome.com/products/ceramic-vessel-horsehair-raku-pottery-135706"
        ],
        "orgs": [
          "Artful Home",
          "Artful Home"
        ],
        "whys": [
          "Horsehair raku pottery art (shows active artists/makers in California)",
          "Horsehair raku pottery art (shows active artists/makers in California)"
        ],
        "found_by": [
          "search: horsehair raku class California",
          "search: horsehair raku class California"
        ]
      },
      {
        "key": "577foundation.recdesk.com",
        "urls": [
          "https://577foundation.recdesk.com/Community/Program/Detail?programId=3374"
        ],
        "orgs": [
          "577 Foundation"
        ],
        "whys": [
          "Community raku program for horsehair and honey pots, ages 18+"
        ],
        "found_by": [
          "search: horsehair raku community firing California"
        ]
      },
      {
        "key": "org:el coyote pottery",
        "urls": [
          "https://www.airbnb.com/experiences/888232"
        ],
        "orgs": [
          "El Coyote Pottery"
        ],
        "whys": [
          "Horsehair raku experience by appointment with resident potter mentored by Brad Bachmeier"
        ],
        "found_by": [
          "search: horsehair raku by appointment California"
        ]
      },
      {
        "key": "clayartcenter.org",
        "urls": [
          "https://www.clayartcenter.org/artist-workshops-and-special-topics/alternative-firing-horsehair-raku"
        ],
        "orgs": [
          "Clay Art Center",
          "Clay Art Center"
        ],
        "whys": [
          "Alternative firing horsehair raku workshop available",
          "Alternative Firing: Horsehair Raku workshop and firing experience"
        ],
        "found_by": [
          "search: horsehair raku by appointment California",
          "search: horsehair raku private firing California"
        ]
      },
      {
        "key": "makerhouse.org",
        "urls": [
          "https://makerhouse.org/events/2udyqkef9wflb81tyb611cx2avzx0b"
        ],
        "orgs": [
          "Maker House",
          "Maker House"
        ],
        "whys": [
          "Raku Firing Workshop scheduled Nov 8, 2025",
          "Raku Firing Workshop scheduled Nov 8, 2025"
        ],
        "found_by": [
          "search: raku workshop Northern California",
          "search: raku workshop Southern California"
        ]
      },
      {
        "key": "gbclayhouse.com",
        "urls": [
          "https://www.gbclayhouse.com/",
          "https://www.gbclayhouse.com/raku"
        ],
        "orgs": [
          "Green & Bisque Clayhouse",
          "GBC Home"
        ],
        "whys": [
          "Major ceramics studio offering quarterly raku firings free to members by lottery",
          "Studio offering raku workshops"
        ],
        "found_by": [
          "search: raku workshop Southern California",
          "search: raku workshop Bay Area"
        ]
      },
      {
        "key": "org:wood firing workshop",
        "urls": [
          "https://www.eventbrite.com/e/wood-firing-workshop-tickets-1987875889297"
        ],
        "orgs": [
          "Wood Firing Workshop",
          "Wood Firing Workshop",
          "Wood Firing Workshop (Eventbrite listing)"
        ],
        "whys": [
          "12-week wood firing ceramics workshop in Northern California",
          "Wood firing workshop September 3-November 19, 10 AM-4 PM, hands-on kiln loading and firing",
          "12-week wood firing workshop with hands-on experience loading and firing kilns"
        ],
        "found_by": [
          "search: wood firing workshop Northern California",
          "search: wood firing workshop Northern California",
          "search: wood firing workshop Bay Area"
        ]
      },
      {
        "key": "org:skill building workshop with nathan stanfield",
        "urls": [
          "https://www.eventbrite.com/e/skill-building-workshop-soda-firing-with-nathan-stanfield-tickets-927429114447"
        ],
        "orgs": [
          "Skill Building Workshop with Nathan Stanfield"
        ],
        "whys": [
          "Soda firing workshop available through Eventbrite"
        ],
        "found_by": [
          "search: soda firing workshop Northern California"
        ]
      },
      {
        "key": "org:sonoma valley soda firing workshop",
        "urls": [
          "https://patch.com/california/sonomavalley/calendar/event/20260425/18f84132-229a-4254-9060-7f36dec9fa4c/intro-to-mid-range-soda-firing-workshop"
        ],
        "orgs": [
          "Sonoma Valley Soda Firing Workshop"
        ],
        "whys": [
          "Intro to mid-range soda firing workshop; Apr 25-28, 2026"
        ],
        "found_by": [
          "search: soda firing workshop Northern California"
        ]
      },
      {
        "key": "oribefiring.com",
        "urls": [
          "https://oribefiring.com/"
        ],
        "orgs": [
          "Oribe Firing Center",
          "Oribe Firing Center",
          "Oribe Firing Center",
          "Oribe Firing Center",
          "Oribe Firing Center"
        ],
        "whys": [
          "Atmospheric firing center with pit, raku, soda, wood, and rocket kilns; hands-on community",
          "Community for atmospheric firing offering pit, soda, raku and other specialized firings - workshops and private events",
          "Atmospheric firing community offering pit firings along California coast with workshops",
          "Atmospheric firing center offering pit firings with workshops and group events",
          "Atmospheric firing center with pit, raku, soda, wood, and rocket kilns"
        ],
        "found_by": [
          "search: pit firing workshop Northern California",
          "search: soda firing workshop Southern California",
          "search: pit firing workshop Southern California",
          "search: pit firing workshop Bay Area",
          "search: atmospheric firing workshop California"
        ]
      },
      {
        "key": "artillery-ag.com",
        "urls": [
          "https://www.artillery-ag.com/sfpotterystudiostories/the-mini-pit-firing-guide-san-francisco-pottery-studio-stories"
        ],
        "orgs": [
          "Artillery AG + Ceramics"
        ],
        "whys": [
          "Community ceramics studio offering pit fire workshops"
        ],
        "found_by": [
          "search: pit firing workshop Northern California"
        ]
      },
      {
        "key": "wetravel.com",
        "urls": [
          "https://www.wetravel.com/trips/camp-singers-x-artshack-ceramic-pit-firing-workshop-camp-singers-11326804"
        ],
        "orgs": [
          "Camp Singers x Artshack"
        ],
        "whys": [
          "Ceramic pit firing workshop collaboration"
        ],
        "found_by": [
          "search: pit firing workshop Northern California"
        ]
      },
      {
        "key": "mitchiburg.com",
        "urls": [
          "http://www.mitchiburg.com/news/2016/5/22/new-work-from-the-flynn-creek-anagama"
        ],
        "orgs": [
          "Flynn Creek Anagama"
        ],
        "whys": [
          "Active anagama kiln and community firing group"
        ],
        "found_by": [
          "search: anagama workshop Northern California"
        ]
      },
      {
        "key": "petersvalley.org",
        "urls": [
          "https://petersvalley.org/workshops/anagama-fire-form-material-and-the-art-of-embracing-the-unexpected/"
        ],
        "orgs": [
          "Peters Valley School of Craft",
          "Peters Valley School of Craft"
        ],
        "whys": [
          "Anagama workshop 'Anagama: Fire, Form, Material' Oct 14-26, 2026; led by Nick Schwartz & Scott Parady",
          "Anagama workshop teaching ceramic firing technique"
        ],
        "found_by": [
          "search: anagama workshop Northern California",
          "search: anagama workshop Bay Area"
        ]
      },
      {
        "key": "oldhornestation.com",
        "urls": [
          "https://www.oldhornestation.com/shop/p/japanese-pottery-and-anagama-workshop-23-31august-2025"
        ],
        "orgs": [
          "Old Horne Station",
          "Old Horne Station"
        ],
        "whys": [
          "Japanese Pottery and Anagama Workshop; Aug 23-31, 2025",
          "Japanese pottery and anagama workshop scheduled event"
        ],
        "found_by": [
          "search: anagama workshop Northern California",
          "search: anagama workshop Bay Area"
        ]
      },
      {
        "key": "amoca.org",
        "urls": [
          "https://www.amoca.org/studio1/workshops/"
        ],
        "orgs": [
          "American Museum of Ceramic Art (AMOCA)",
          "American Museum of Ceramic Art (AMOCA)",
          "American Museum of Ceramic Art"
        ],
        "whys": [
          "Soda Firing Skill Building Workshops with Nathan Stanfield and Haley Tessler - fires work in outdoor kiln",
          "Soda Firing Skill Building Workshops - also serves Bay Area visitors",
          "Workshops and specialty classes in ceramics"
        ],
        "found_by": [
          "search: soda firing workshop Southern California",
          "search: soda firing workshop Bay Area",
          "search: summer ceramics workshop wood soda California"
        ]
      },
      {
        "key": "kickwheelsonoma.com",
        "urls": [
          "https://kickwheelsonoma.com/pages/studio-participation"
        ],
        "orgs": [
          "Kickwheel Sonoma"
        ],
        "whys": [
          "Studio offering raku firing workshop participation (50-60 min north of SF)"
        ],
        "found_by": [
          "search: raku workshop Bay Area"
        ]
      },
      {
        "key": "timisaacpottery.com",
        "urls": [
          "https://www.timisaacpottery.com/workshops/raku-workshops/"
        ],
        "orgs": [
          "Tim Isaac Pottery"
        ],
        "whys": [
          "Raku pottery workshops available"
        ],
        "found_by": [
          "search: raku workshop Bay Area"
        ]
      },
      {
        "key": "berkeleypottersstudio.org",
        "urls": [
          "https://berkeleypottersstudio.org/upcoming-soda-firing-workshops"
        ],
        "orgs": [
          "The Potters' Studio (Berkeley Potters Studio)",
          "The Potters' Studio (Berkeley Potters Studio)"
        ],
        "whys": [
          "Upcoming Soda Firing Workshops for studio members and community potters",
          "Upcoming soda firing workshops for members, students, and community potters"
        ],
        "found_by": [
          "search: soda firing workshop Bay Area",
          "search: soda firing workshop California"
        ]
      },
      {
        "key": "org:intro to mid range soda firing workshop at sonoma community center",
        "urls": [
          "https://patch.com/california/sonomavalley/calendar/event/20260425/18f84132-229a-4254-9060-7f36dec9fa4c/intro-to-mid-range-soda-firing-workshop"
        ],
        "orgs": [
          "Intro to Mid-Range Soda Firing Workshop at Sonoma Community Center"
        ],
        "whys": [
          "April 25-28, 2026 soda firing workshop with crossdraft kiln training"
        ],
        "found_by": [
          "search: soda firing workshop Bay Area"
        ]
      },
      {
        "key": "jlpottery.com",
        "urls": [
          "https://www.jlpottery.com/workshops"
        ],
        "orgs": [
          "JL Pottery"
        ],
        "whys": [
          "Pottery workshops including soda firing"
        ],
        "found_by": [
          "search: soda firing workshop Bay Area"
        ]
      },
      {
        "key": "alisonpalmerstudio.com",
        "urls": [
          "https://alisonpalmerstudio.com/49th-firing/"
        ],
        "orgs": [
          "Alison Palmer Studio"
        ],
        "whys": [
          "Active firing events (referenced '49th firing' indicates established program)"
        ],
        "found_by": [
          "search: soda firing workshop Bay Area"
        ]
      },
      {
        "key": "org:artillery ag sf pottery studio",
        "urls": [
          "https://ma.to/event/pit-firing-workshop-14-mar-2026"
        ],
        "orgs": [
          "Artillery AG | SF Pottery Studio"
        ],
        "whys": [
          "Pit Firing Workshop March 14, 2026 - oldest firing method, all levels, bring bisque or make at studio"
        ],
        "found_by": [
          "search: pit firing workshop Bay Area"
        ]
      },
      {
        "key": "siue.edu",
        "urls": [
          "https://www.siue.edu/arts-and-sciences/art/studios-and-disciplines/ceramics-and-glass/the-anagama-project.shtml"
        ],
        "orgs": [
          "Southern Illinois University Edwardsville"
        ],
        "whys": [
          "Anagama kiln studio and project—firing type relevant to search"
        ],
        "found_by": [
          "search: anagama workshop Bay Area"
        ]
      },
      {
        "key": "internationalceramicsfestival.org",
        "urls": [
          "https://www.internationalceramicsfestival.org/gas-kimishima-mini-anagama-kiln-workshop/"
        ],
        "orgs": [
          "International Ceramics Festival"
        ],
        "whys": [
          "Gas-kiln mini-anagama workshop—alternative anagama firing variant"
        ],
        "found_by": [
          "search: anagama workshop Bay Area"
        ]
      },
      {
        "key": "jaywidmer.com",
        "urls": [
          "https://jaywidmer.com/kiln.html"
        ],
        "orgs": [
          "Jay Widmer Ceramics"
        ],
        "whys": [
          "Alsea Anagama Kiln—wood-fired pottery facility with public access information"
        ],
        "found_by": [
          "search: anagama workshop Bay Area"
        ]
      },
      {
        "key": "viewarts.org",
        "urls": [
          "https://www.viewarts.org/experience/pottery/raku-firing",
          "https://www.viewarts.org/experience/pottery/fall-raku-firing/",
          "https://www.viewarts.org/experience/experiences/fall-raku-firing/",
          "https://www.viewarts.org/experience/pottery/neighbor-day-raku-firing",
          "https://www.viewarts.org/experience/experiences/raku-fire-and-ice-bar-2024/",
          "https://www.viewarts.org/experience/experiences/neighbor-day-raku-firing/"
        ],
        "orgs": [
          "View Arts",
          "View Arts",
          "View Arts",
          "View Arts",
          "View Arts",
          "View Arts",
          "View Arts",
          "View Arts - Fall Raku Firing",
          "View Arts",
          "View Arts",
          "View Arts",
          "View Arts",
          "View Arts",
          "View Arts",
          "View Arts",
          "ViewArts",
          "View Arts"
        ],
        "whys": [
          "Raku firing pottery class and experience offering",
          "Raku firing pottery class and experience",
          "Wood-fired raku firing events; purchase pot and watch firing; hourly firing schedule",
          "Fall raku firing events; participant firing experience",
          "Fall raku firing experience; community pottery engagement",
          "Neighbor day raku firing events; community access to raku firings",
          "Raku firing pottery experience and instruction",
          "Fall season raku firing offering",
          "Raku firing pottery experience; established pottery program",
          "Raku Fire and Ice Bar 2024 event offering public raku firing participation",
          "Fall raku firing event listing",
          "Fall raku firing pottery experience listing",
          "Neighbor day raku firing community event",
          "Raku firing pottery experience",
          "Fall raku firing pottery experience",
          "Raku firing pottery experience offering",
          "Pottery raku firing experience/class offering"
        ],
        "found_by": [
          "search: raku firing Los Angeles",
          "search: raku firing San Francisco",
          "search: raku firing Oakland",
          "search: raku firing Oakland",
          "search: raku firing Oakland",
          "search: raku firing Oakland",
          "search: raku firing Sacramento",
          "search: raku firing Sacramento",
          "search: raku firing Orange County",
          "search: raku firing Orange County",
          "search: raku firing Orange County",
          "search: raku firing Orange County",
          "search: raku firing Orange County",
          "search: raku firing Santa Barbara",
          "search: raku firing Santa Barbara",
          "search: raku firing Fresno",
          "search: raku firing Santa Cruz"
        ]
      },
      {
        "key": "org:active com",
        "urls": [
          "https://www.active.com/manhattan-beach-ca/classes/pottery-and-ceramics-event-raku-2026-110597368",
          "https://origin-a3.active.com/manhattan-beach-ca/classes/raku-2024-98168509"
        ],
        "orgs": [
          "Active.com",
          "Active.com"
        ],
        "whys": [
          "Raku pottery class in Manhattan Beach, CA area—September 2026 event",
          "Raku pottery class listing in Manhattan Beach, CA"
        ],
        "found_by": [
          "search: raku firing Los Angeles",
          "search: raku firing Los Angeles"
        ]
      },
      {
        "key": "archives.sbbotanicgarden.org",
        "urls": [
          "https://archives.sbbotanicgarden.org/node/43886"
        ],
        "orgs": [
          "Santa Barbara Botanic Garden",
          "Santa Barbara Botanic Garden",
          "Santa Barbara Botanical Garden",
          "Santa Barbara Botanical Garden",
          "Santa Barbara Botanic Garden"
        ],
        "whys": [
          "Raku pottery class offering archive",
          "Raku pottery class offering",
          "Raku pottery class offering",
          "Raku pottery class offering archive",
          "Raku pottery class offering"
        ],
        "found_by": [
          "search: raku class Los Angeles",
          "search: raku class Santa Barbara",
          "search: raku class Santa Cruz",
          "search: raku class Mendocino",
          "search: raku class Southern California"
        ]
      },
      {
        "key": "groundworksartlab.coursestorm.com",
        "urls": [
          "https://groundworksartlab.coursestorm.com/course/clay-adult-level-ii-specialty-raku-sat-june-27-aug-15-335-pro-rated-7wk-class-main?page=2",
          "https://groundworksartlab.coursestorm.com/category/adult-classes1?page=4",
          "https://groundworksartlab.coursestorm.com/category/adult-session-4-2026?page=1",
          "https://groundworksartlab.coursestorm.com/course/clay-adult-level-ii-specialty-raku-sat-june-27-aug-15-335-pro-rated-7wk-class-main",
          "https://groundworksartlab.coursestorm.com/course/clay-adult-level-ii-specialty-raku-sat-may-2-june-20-335-main?page=5"
        ],
        "orgs": [
          "Groundworks Art Lab",
          "Groundworks Art Lab",
          "Groundworks Art Lab",
          "Groundworks Art Lab",
          "Groundworks Art Lab",
          "Groundworks Art Lab",
          "Groundworks Art Lab",
          "Groundworks Art Lab",
          "Groundworks Art Lab"
        ],
        "whys": [
          "Adult specialty raku class—seven week course with previous experience requirement",
          "Adult specialty raku class—seven-week course",
          "Adult pottery classes including specialty raku instruction",
          "Adult session raku classes; 2026 schedule available",
          "Level II specialty raku class; intermediate instruction; summer 2026",
          "Seven-week raku specialty class with final firing participation and post-firing reduction techniques",
          "Clay adult level II specialty raku Saturday class series May-June 2026",
          "Clay adult level II specialty raku Saturday class series June-August 2026",
          "Specialty raku class for clay artists (Saturday sessions with raku kiln firing)"
        ],
        "found_by": [
          "search: raku class Los Angeles",
          "search: raku class San Francisco",
          "search: raku class Oakland",
          "search: raku class Oakland",
          "search: raku class Oakland",
          "search: raku class San Diego",
          "search: raku class Orange County",
          "search: raku class Orange County",
          "search: raku class Santa Barbara"
        ]
      },
      {
        "key": "academycenter.org",
        "urls": [
          "https://academycenter.org/event/wood-fire-workshop-two-weekends/",
          "https://academycenter.org/event/wood-fire-workshop-two-weekends-2/",
          "https://academycenter.org/event/wood-fire-workshop-two-weekends-4-2/"
        ],
        "orgs": [
          "Academy Center",
          "Academy Center",
          "Academy Center",
          "Academy Center",
          "Academy Center",
          "Academy Center",
          "Academy Center"
        ],
        "whys": [
          "Wood fire workshop—two-weekends intensive format",
          "Wood fire workshop offering",
          "Wood fire workshop offering",
          "Wood fire workshop event",
          "Wood fire workshop event",
          "Wood-fire workshop two-weekend event",
          "Wood fire workshop, hands-on kiln experience"
        ],
        "found_by": [
          "search: wood firing workshop Los Angeles",
          "search: wood firing workshop Los Angeles",
          "search: wood firing workshop Los Angeles",
          "search: wood firing workshop San Francisco",
          "search: wood firing workshop San Francisco",
          "search: wood firing workshop Orange County",
          "search: wood firing workshop Santa Cruz"
        ]
      },
      {
        "key": "archiebraygallery.org",
        "urls": [
          "https://archiebraygallery.org/?p=1521905"
        ],
        "orgs": [
          "Archie Bray Gallery",
          "Archie Bray Gallery",
          "Archie Bray Gallery",
          "Archie Bray Gallery",
          "Archie Bray Gallery"
        ],
        "whys": [
          "Introduction to woodfiring workshop-style class",
          "Introduction to woodfiring workshop; potential resource",
          "Introduction to woodfiring workshop-style class offering",
          "Introduction to Woodfiring workshop-style class offered; ceramic instruction",
          "Introduction to woodfiring workshop-style class"
        ],
        "found_by": [
          "search: wood firing workshop Los Angeles",
          "search: wood firing workshop Oakland",
          "search: wood firing workshop San Diego",
          "search: wood firing workshop Orange County",
          "search: wood firing workshop Fresno"
        ]
      },
      {
        "key": "ceramicartsnetwork.org",
        "urls": [
          "https://ceramicartsnetwork.org/daily/article/In-the-Soda-Zone",
          "https://ceramicartsnetwork.org/daily/raku-firing/1",
          "https://ceramicartsnetwork.org/daily/raku-firing/2",
          "https://ceramicartsnetwork.org/category/firing-techniques/salt-firing-and-soda-firing/",
          "https://ceramicartsnetwork.org/ceramics-monthly/ceramics-monthly-article/2026-residencies-and-fellowships",
          "https://ceramicartsnetwork.org/ceramics-monthly/ceramics-monthly-article/summer-workshops-2025"
        ],
        "orgs": [
          "Ceramic Arts Network",
          "Ceramic Arts Network",
          "Ceramic Arts Network",
          "Ceramics Arts Network",
          "Ceramic Arts Network",
          "Ceramic Arts Network",
          "Ceramic Arts Network",
          "Ceramic Arts Network",
          "Ceramic Arts Network",
          "Ceramics Arts Network",
          "Ceramics Arts Network"
        ],
        "whys": [
          "Article about soda firing technique—directory reference",
          "Directory and article about raku firing",
          "Directory and article about raku firing",
          "Directory/reference for salt and soda firing techniques and resources",
          "Directory and articles about salt and soda firing techniques and places",
          "Directory and daily articles on raku firing techniques and workshops",
          "Directory and articles on salt and soda firing techniques",
          "Directory/resource for articles and places offering salt and soda firing techniques",
          "Directory article about soda firing featuring California potters and locations",
          "Directory article listing residencies and fellowships including California locations",
          "Summer workshops 2025 directory including wood and soda firing in California"
        ],
        "found_by": [
          "search: soda kiln firing Los Angeles",
          "search: raku firing San Francisco",
          "search: raku firing San Francisco",
          "search: soda kiln firing Oakland",
          "search: soda kiln firing Santa Barbara",
          "search: raku firing Fresno",
          "search: soda kiln firing Fresno",
          "search: soda kiln firing Santa Cruz",
          "search: soda kiln firing Bay Area",
          "search: ceramics residency wood kiln California",
          "search: summer ceramics workshop wood soda California"
        ]
      },
      {
        "key": "ofa.fas.harvard.edu",
        "urls": [
          "https://ofa.fas.harvard.edu/event/introduction-soda-firing-tom-hubbard.md",
          "https://ofa.fas.harvard.edu/event/soda-firing-adriana-sousa-estrella-summer-2026-summer-2026.md",
          "https://ofa.fas.harvard.edu/event/soda-firing-workshop-tom-hubbard-fall-2026.md",
          "https://ofa.fas.harvard.edu/event/soda-firing-denny-mclaughlin-spring-2026.md"
        ],
        "orgs": [
          "Harvard University",
          "Harvard University",
          "Harvard University",
          "Harvard University"
        ],
        "whys": [
          "Introduction to soda firing workshop",
          "Soda firing workshop summer 2026",
          "Soda firing workshop fall 2026",
          "Soda firing workshop spring 2026"
        ],
        "found_by": [
          "search: soda kiln firing Los Angeles",
          "search: soda kiln firing Los Angeles",
          "search: soda kiln firing Los Angeles",
          "search: soda kiln firing Los Angeles"
        ]
      },
      {
        "key": "jhuangstudio.substack.com",
        "urls": [
          "https://jhuangstudio.substack.com/p/scenes-from-a-soda-firing"
        ],
        "orgs": [
          "J Huang Studio",
          "J Huang Studio",
          "J Huang Studio"
        ],
        "whys": [
          "Article about soda firing—may name potter resources",
          "Documentation of soda firing process; Bay Area artist resource",
          "Artist blog with soda firing documentation and community knowledge"
        ],
        "found_by": [
          "search: soda kiln firing Los Angeles",
          "search: soda kiln firing Oakland",
          "search: soda kiln firing Santa Cruz"
        ]
      },
      {
        "key": "pcc.edu",
        "urls": [
          "https://www.pcc.edu/news/2016/05/students-soda-kiln/"
        ],
        "orgs": [
          "Portland Community College"
        ],
        "whys": [
          "Soda kiln facility and student access program"
        ],
        "found_by": [
          "search: soda kiln firing Los Angeles"
        ]
      },
      {
        "key": "thesteelyard.org",
        "urls": [
          "https://www.thesteelyard.org/?p=2898",
          "https://www.thesteelyard.org/product/pit-fired-ceramics/"
        ],
        "orgs": [
          "The Steelyard",
          "The Steel Yard",
          "The Steel Yard",
          "The Steel Yard",
          "The Steelyard",
          "The Steelyard",
          "The Steelyard",
          "The Steel Yard",
          "The Steel Yard",
          "The Steel Yard"
        ],
        "whys": [
          "Soda kiln firing spring 2020 event",
          "Pit-fired ceramics classes and workshops; community arts organization",
          "Soda kiln firing workshop offering",
          "Pit-fired ceramics workshop offering",
          "Offers pit-fired ceramics classes and workshops",
          "Soda Kiln Firing Spring 2020 listing; studio offering soda firing",
          "Pit-fired ceramics workshop offering",
          "Pit-fired ceramics class offering",
          "Article about soda kiln firing - potential resource directory",
          "Article about soda kiln firing experience and process"
        ],
        "found_by": [
          "search: soda kiln firing Los Angeles",
          "search: pit firing pottery Oakland",
          "search: soda kiln firing San Diego",
          "search: pit firing pottery San Diego",
          "search: pit firing pottery Sacramento",
          "search: soda kiln firing Orange County",
          "search: pit firing pottery Santa Barbara",
          "search: pit firing pottery Santa Cruz",
          "search: soda kiln firing Southern California",
          "search: soda kiln firing Bay Area"
        ]
      },
      {
        "key": "scholarship.claremont.edu",
        "urls": [
          "https://scholarship.claremont.edu/steam/vol2/iss2/2"
        ],
        "orgs": [
          "Claremont University"
        ],
        "whys": [
          "Scholarly article about pit firing techniques"
        ],
        "found_by": [
          "search: pit firing pottery Los Angeles"
        ]
      },
      {
        "key": "sfwomenartists.org",
        "urls": [
          "https://www.sfwomenartists.org/?p=32112",
          "https://www.sfwomenartists.org/artist/sue-schwartz/"
        ],
        "orgs": [
          "SF Women Artists",
          "SF Women Artists",
          "SF Women Artists",
          "SF Women Artists",
          "SF Women Artists",
          "SF Women Artists",
          "SF Women Artists / Sue Schwartz",
          "SF Women Artists / Sue Schwartz",
          "SF Women Artists"
        ],
        "whys": [
          "Sue Schwartz discusses pit firing process—artist reference",
          "Sue Schwartz discusses pit firing process; Bay Area artist/community",
          "Article discussing pit firing process in Bay Area context; may reference California studios",
          "Pit firing process discussion in California context",
          "Bay Area pottery artist discussion of pit firing technique, California-based",
          "Bay Area potter discussing pit firing technique with firing practices near beaches",
          "Sue Schwartz pit firing artist with 30 years experience, Bay Area beach pit fire community",
          "Profile of Bay Area artist known for pit firing pottery over 30 years",
          "Article about Sue Schwartz's pit firing process and technique"
        ],
        "found_by": [
          "search: pit firing pottery Los Angeles",
          "search: pit firing pottery San Francisco",
          "search: pit firing pottery Sacramento",
          "search: pit firing pottery Orange County",
          "search: pit firing pottery Fresno",
          "search: pit firing pottery Santa Cruz",
          "search: pit firing pottery Northern California",
          "search: pit firing pottery Bay Area",
          "search: pit firing pottery Bay Area"
        ]
      },
      {
        "key": "org:clay ca",
        "urls": [
          "https://ma.to/venue/clayca_"
        ],
        "orgs": [
          "CLAY CA"
        ],
        "whys": [
          "CLAY CA ceramics studio offering pit firing and other techniques"
        ],
        "found_by": [
          "search: pit firing pottery Los Angeles"
        ]
      },
      {
        "key": "ww2.genera.cl",
        "urls": [
          "https://ww2.genera.cl/post/top-35-pottery-classes-in-los-angeles",
          "https://ww2.genera.cl/post/top-33-pottery-classes-in-san-diego"
        ],
        "orgs": [
          "Genera",
          "Genera directory - Top 33 Pottery Classes in San Diego",
          "Genera directory - Top 33 Pottery Classes in San Diego"
        ],
        "whys": [
          "Directory listing top 35 pottery classes in LA area",
          "Directory listing pottery classes in San Diego area; may include wood firing options",
          "Directory of San Diego pottery classes; resource for identifying firing locations"
        ],
        "found_by": [
          "search: pit firing pottery Los Angeles",
          "search: wood firing workshop San Diego",
          "search: pit firing pottery San Diego"
        ]
      },
      {
        "key": "downtownsac.org",
        "urls": [
          "https://www.downtownsac.org/events/shared-fire-a-raku-workshop-and-potluck/"
        ],
        "orgs": [
          "Downtown Sacramento",
          "Verge Center for the Arts / Shared Fire Workshop"
        ],
        "whys": [
          "Shared fire raku workshop and potluck—community firing event",
          "Immersive raku workshop with hand-building and dramatic raku firing; includes celebratory raku party"
        ],
        "found_by": [
          "search: raku firing San Francisco",
          "search: raku firing Sacramento"
        ]
      },
      {
        "key": "org:blue line arts",
        "urls": [
          "https://blue-line-arts.locable.com/events/242830",
          "https://www.bluelinearts.org/event/scg-workshop-ll-with-ray-gonzales-raku-firing-techniques"
        ],
        "orgs": [
          "Blue Line Arts",
          "Blue Line Arts",
          "Blue Line Arts"
        ],
        "whys": [
          "SCG Workshop II with Ray Gonzales—raku firing techniques",
          "SCG Workshop II with Ray Gonzales—raku firing techniques",
          "SCG Workshop II with Ray Gonzales—raku firing techniques"
        ],
        "found_by": [
          "search: raku firing San Francisco",
          "search: raku class San Francisco",
          "search: raku class San Francisco"
        ]
      },
      {
        "key": "seattlepotterysupply.com",
        "urls": [
          "https://seattlepotterysupply.com/pages/raku-workshops"
        ],
        "orgs": [
          "Seattle Pottery Supply"
        ],
        "whys": [
          "Raku workshops directory and information"
        ],
        "found_by": [
          "search: raku firing San Francisco"
        ]
      },
      {
        "key": "icasandiego.org",
        "urls": [
          "https://icasandiego.org/?p=4908",
          "https://icasandiego.org/event/raku-firing-ceramics-course-2025/",
          "https://icasandiego.org/event/raku-firing-ceramics-course-2025/2024-10-28/",
          "https://icasandiego.org/?p=5211"
        ],
        "orgs": [
          "ICA San Diego",
          "ICA San Diego",
          "ICA (Institute of Contemporary Art) San Diego",
          "ICA North - Institute of Contemporary Art San Diego",
          "ICA North San Diego",
          "ICA San Diego",
          "ICA San Diego",
          "ICA San Diego",
          "Institute of Contemporary Art (ICA)",
          "ICA San Diego"
        ],
        "whys": [
          "Raku course offering",
          "Raku firing ceramics course 2025",
          "Offers six-week raku firing course with instruction in firing and reduction techniques",
          "Six-week raku course with hands-on firing and reduction; free month studio membership after class",
          "Raku: Surface, Fire, and Form class for ages 16+; public ceramic instruction",
          "Raku firing ceramics course offering",
          "Raku firing ceramics course for potters, California",
          "International Center of Arts in San Diego offering raku-related programs",
          "Six-week raku firing class covering hand-building to glazing and firing",
          "Raku firing ceramics course, taught by Suzanne Lussiere"
        ],
        "found_by": [
          "search: raku class San Francisco",
          "search: raku class San Francisco",
          "search: raku firing San Diego",
          "search: raku class San Diego",
          "search: raku class Orange County",
          "search: raku class Santa Barbara",
          "search: raku class Santa Cruz",
          "search: raku class Santa Cruz",
          "search: raku class Bay Area",
          "search: raku class Southern California"
        ]
      },
      {
        "key": "georgeohr.org",
        "urls": [
          "https://georgeohr.org/tag/raku-class/"
        ],
        "orgs": [
          "George Ohr Museum",
          "George Ohr Museum",
          "George Ohr Museum/Foundation",
          "George Ohr Museum/Foundation"
        ],
        "whys": [
          "Raku class tag and directory reference",
          "Tag archive listing raku class offerings and articles",
          "Raku class archive/directory",
          "Archive tag for raku classes and pottery education"
        ],
        "found_by": [
          "search: raku class San Francisco",
          "search: raku class Fresno",
          "search: raku class Santa Cruz",
          "search: raku class Mendocino"
        ]
      },
      {
        "key": "ranchocordovaindependent.com",
        "urls": [
          "https://www.ranchocordovaindependent.com/events/315132/scg-workshop-ll-with-ray-gonzales-raku-firing-techniques"
        ],
        "orgs": [
          "Rancho Cordova Independent"
        ],
        "whys": [
          "Event listing for SCG Workshop II raku firing"
        ],
        "found_by": [
          "search: raku class San Francisco"
        ]
      },
      {
        "key": "citrusheightsmessenger.com",
        "urls": [
          "https://www.citrusheightsmessenger.com/events/315132/scg-workshop-ll-with-ray-gonzales-raku-firing-techniques"
        ],
        "orgs": [
          "Citrus Heights Messenger",
          "SCG Workshop II with Ray Gonzales - Citrus Heights"
        ],
        "whys": [
          "Event listing for SCG Workshop II raku firing",
          "Raku firing techniques workshop in Sacramento-area community"
        ],
        "found_by": [
          "search: raku class San Francisco",
          "search: raku class Sacramento"
        ]
      },
      {
        "key": "org:uncle paul s north beach",
        "urls": [
          "https://ma.to/event/soda-firing-workshop-25-jul-2026"
        ],
        "orgs": [
          "Uncle Paul's North Beach",
          "Uncle Paul's North Beach"
        ],
        "whys": [
          "Three-part atmospheric soda firing workshop; outdoor firing; piece-making",
          "Three-part atmospheric soda firing workshop; July 25 start; outdoor soda firing"
        ],
        "found_by": [
          "search: wood firing workshop San Francisco",
          "search: soda kiln firing San Francisco"
        ]
      },
      {
        "key": "org:artillery ceramics studio",
        "urls": [
          "https://ma.to/event/pit-firing-workshop-20-sep-2026"
        ],
        "orgs": [
          "Artillery Ceramics Studio",
          "Artillery Ceramics Studio",
          "Artillery Ceramics Studio"
        ],
        "whys": [
          "Pit firing workshop; ancestral firing method; Mission District",
          "Pit firing workshop; September 20; oldest ceramic firing method",
          "Pit firing workshop in Mission District"
        ],
        "found_by": [
          "search: wood firing workshop San Francisco",
          "search: pit firing pottery San Francisco",
          "search: pit firing pottery Bay Area"
        ]
      },
      {
        "key": "missionlocal.org",
        "urls": [
          "https://missionlocal.org/venue/artillery-ag",
          "https://ma.to/venue/artilleryag"
        ],
        "orgs": [
          "Artillery AG",
          "Artillery AG",
          "Artillery AG"
        ],
        "whys": [
          "Community-focused pottery studio with firing workshops; Mission District",
          "Pottery studio with firing programs; Mission District",
          "Community pottery studio; pit firing gatherings; ancestral firing methods"
        ],
        "found_by": [
          "search: wood firing workshop San Francisco",
          "search: soda kiln firing San Francisco",
          "search: pit firing pottery San Francisco"
        ]
      },
      {
        "key": "exhibits.ced.berkeley.edu",
        "urls": [
          "https://exhibits.ced.berkeley.edu/items/show/1359"
        ],
        "orgs": [
          "UC Berkeley"
        ],
        "whys": [
          "Kiln firing exhibition/documentation; ceramic arts at UC Berkeley"
        ],
        "found_by": [
          "search: soda kiln firing San Francisco"
        ]
      },
      {
        "key": "org:community event listing",
        "urls": [
          "https://patch.com/california/sonomavalley/calendar/event/20260110/57fa6f73-5a41-4e0a-a749-2f892bfdbe37/intro-to-raku"
        ],
        "orgs": [
          "Community event listing"
        ],
        "whys": [
          "Intro to raku class in Sonoma Valley; accessible to Bay Area participants"
        ],
        "found_by": [
          "search: raku class Oakland"
        ]
      },
      {
        "key": "weekendnotes.com",
        "urls": [
          "https://www.weekendnotes.com/pottery-after-dark-sala/"
        ],
        "orgs": [
          "SALA / Pottery after Dark"
        ],
        "whys": [
          "Event listing that may offer pottery firing activities"
        ],
        "found_by": [
          "search: raku firing San Diego"
        ]
      },
      {
        "key": "clay-king.com",
        "urls": [
          "https://www.clay-king.com/product/raku-class-may-2nd-2026/"
        ],
        "orgs": [
          "Clay-King",
          "Clay King",
          "Clay-King",
          "Clay King",
          "Clay King",
          "Clay King"
        ],
        "whys": [
          "Saturday raku class offering with day-long session for prepared pieces",
          "Raku class scheduled May 2, 2026; pottery studio with raku instruction",
          "Raku class with kiln access and instruction",
          "Pottery school with raku classes",
          "Pottery school with raku class and kiln access",
          "Raku class offering, May 2, 2026 (potential supplier or workshop provider)"
        ],
        "found_by": [
          "search: raku class San Diego",
          "search: raku class Orange County",
          "search: raku class Santa Barbara",
          "search: raku class Santa Cruz",
          "search: raku class Mendocino",
          "search: raku class Palm Springs"
        ]
      },
      {
        "key": "kpbs.org",
        "urls": [
          "https://www.kpbs.org/events/ongoing/kiln-magic"
        ],
        "orgs": [
          "KPBS - Kiln Magic"
        ],
        "whys": [
          "San Diego public media event related to kilns/firing"
        ],
        "found_by": [
          "search: pit firing pottery San Diego"
        ]
      },
      {
        "key": "csus.edu",
        "urls": [
          "https://www.csus.edu/college/arts-letters/art/_internal/_documents/arts-safety/kiln_faq.pdf"
        ],
        "orgs": [
          "California State University Sacramento - Art Department",
          "California State University Sacramento (CSUS)"
        ],
        "whys": [
          "Has wood-fired kiln on campus; contact for wood-firing process and workshop information",
          "Sacramento State art program operates kilns; FAQ document indicates firing facilities available"
        ],
        "found_by": [
          "search: wood firing workshop Sacramento",
          "search: soda kiln firing Sacramento"
        ]
      },
      {
        "key": "ads.py2.splitmetrics.com",
        "urls": [
          "https://ads.py2.splitmetrics.com/post/best-of-22-pottery-classes-in-sacramento"
        ],
        "orgs": [
          "Pottery classes directory (Sacramento)"
        ],
        "whys": [
          "Directory listing best pottery classes in Sacramento; may include pit firing resources"
        ],
        "found_by": [
          "search: pit firing pottery Sacramento"
        ]
      },
      {
        "key": "californiaindianeducation.org",
        "urls": [
          "https://californiaindianeducation.org/california_indian_art/clay_pottery.html"
        ],
        "orgs": [
          "California Indian Education"
        ],
        "whys": [
          "California-focused resource on traditional pottery including firing techniques"
        ],
        "found_by": [
          "search: pit firing pottery Sacramento"
        ]
      },
      {
        "key": "visarts.org",
        "urls": [
          "https://visarts.org/?p=14913301"
        ],
        "orgs": [
          "Vis Arts"
        ],
        "whys": [
          "Raku class offering at visual arts organization"
        ],
        "found_by": [
          "search: raku class Orange County"
        ]
      },
      {
        "key": "artsorange.org",
        "urls": [
          "https://artsorange.org/?p=1066",
          "https://artsorange.org/artist/thistle-glen-pottery/",
          "https://artsorange.org/artist/amy-gelber-pottery/"
        ],
        "orgs": [
          "Arts Orange",
          "Arts Orange / Thistle Glen Pottery",
          "Arts Orange / Amy Gelber Pottery"
        ],
        "whys": [
          "Arts organization with pottery information",
          "Directory listing of pottery artist; may offer public firing access",
          "Directory listing of pottery artist; may offer public firing access"
        ],
        "found_by": [
          "search: pit firing pottery Orange County",
          "search: pit firing pottery Orange County",
          "search: pit firing pottery Orange County"
        ]
      },
      {
        "key": "maxt.pike13.com",
        "urls": [
          "https://maxt.pike13.com/courses/298399"
        ],
        "orgs": [
          "Pike13 courses"
        ],
        "whys": [
          "Pit firing pottery course offering; potential firing location"
        ],
        "found_by": [
          "search: pit firing pottery Orange County"
        ]
      },
      {
        "key": "cantonart.org",
        "urls": [
          "https://www.cantonart.org/node?page=19"
        ],
        "orgs": [
          "Canton Art",
          "Canton Art"
        ],
        "whys": [
          "Art organization with potential ceramic firing programs",
          "Art center with potential pottery offerings"
        ],
        "found_by": [
          "search: raku firing Santa Barbara",
          "search: raku firing Santa Cruz"
        ]
      },
      {
        "key": "theabroadguide.com",
        "urls": [
          "https://theabroadguide.com/2-hour-pottery-workshop-and-studio-tour-in-ojai/"
        ],
        "orgs": [
          "The Abroad Guide"
        ],
        "whys": [
          "2-hour pottery workshop and studio tour offering"
        ],
        "found_by": [
          "search: pit firing pottery Santa Barbara"
        ]
      },
      {
        "key": "craftcourses.com",
        "urls": [
          "https://craftcourses.com/courses/raku-one-day-workshop"
        ],
        "orgs": [
          "CraftCourses"
        ],
        "whys": [
          "Raku one-day workshop course listing"
        ],
        "found_by": [
          "search: raku firing Fresno"
        ]
      },
      {
        "key": "mesaartscenter.com",
        "urls": [
          "https://www.mesaartscenter.com/class-details/special-topics-raku-intermediate-to-advanced-22"
        ],
        "orgs": [
          "Mesa Arts Center"
        ],
        "whys": [
          "Special Topics Raku intermediate to advanced class offering"
        ],
        "found_by": [
          "search: raku class Fresno"
        ]
      },
      {
        "key": "wpcc.edu",
        "urls": [
          "https://www.wpcc.edu/37998-2/"
        ],
        "orgs": [
          "WPCC"
        ],
        "whys": [
          "Raku class offering through community college"
        ],
        "found_by": [
          "search: raku class Fresno"
        ]
      },
      {
        "key": "sugarmaples.coursestorm.com",
        "urls": [
          "https://sugarmaples.coursestorm.com/category/summer-2024-workshops?page=3"
        ],
        "orgs": [
          "Sugar Maples Center for Creative Arts"
        ],
        "whys": [
          "Wood firing workshops catalog"
        ],
        "found_by": [
          "search: wood firing workshop Fresno"
        ]
      },
      {
        "key": "cameronartmuseum.org",
        "urls": [
          "https://cameronartmuseum.org/classes_workshops/raku/"
        ],
        "orgs": [
          "Cameron Art Museum"
        ],
        "whys": [
          "Raku classes and workshops"
        ],
        "found_by": [
          "search: raku firing Santa Cruz"
        ]
      },
      {
        "key": "history.santacruzpl.org",
        "urls": [
          "https://history.santacruzpl.org/omeka/items/show/120803"
        ],
        "orgs": [
          "Santa Cruz Public Library History"
        ],
        "whys": [
          "Big Creek Pottery historical archive - active pottery community in Santa Cruz, California"
        ],
        "found_by": [
          "search: pit firing pottery Santa Cruz"
        ]
      },
      {
        "key": "firstfridaysantacruz.com",
        "urls": [
          "https://firstfridaysantacruz.com/?p=25703"
        ],
        "orgs": [
          "First Friday Santa Cruz"
        ],
        "whys": [
          "Santa Cruz art community and events listing for local studios"
        ],
        "found_by": [
          "search: pit firing pottery Santa Cruz"
        ]
      },
      {
        "key": "chatsworth.org",
        "urls": [
          "https://www.chatsworth.org/events/raku-clay-firing/"
        ],
        "orgs": [
          "Chatsworth Arts Center"
        ],
        "whys": [
          "Raku clay firing event, California location"
        ],
        "found_by": [
          "search: raku firing Mendocino"
        ]
      },
      {
        "key": "z1077fm.com",
        "urls": [
          "https://z1077fm.com/29-palms-art-gallery-offers-ceramic-class"
        ],
        "orgs": [
          "29 Palms Art Gallery",
          "29 Palms Art Gallery"
        ],
        "whys": [
          "Introduction to Raku class taught by Ed Keesling (ceramic artist), Tuesdays/Thursdays, six sessions covering raku tradition and firing; 74055 Cottonwood Drive",
          "Introduction to Raku class with Ed Keesling, Tuesday/Thursday evenings, open to beginners and experienced potters ages 12+, $60 youth/$90 adult"
        ],
        "found_by": [
          "search: raku firing Palm Springs",
          "search: raku class Palm Springs"
        ]
      },
      {
        "key": "visitpalmsprings.com",
        "urls": [
          "https://visitpalmsprings.com/sunny-dunes-art-district/"
        ],
        "orgs": [
          "Sunny Dunes Art District (Palm Springs)"
        ],
        "whys": [
          "Art district that may include pottery/ceramic studios and community art spaces; mentioned as regional art hub in Palm Springs area"
        ],
        "found_by": [
          "search: pit firing pottery Palm Springs"
        ]
      },
      {
        "key": "org:mb art center",
        "urls": [
          "https://www.active.com/manhattan-beach-ca/classes/raku-2026-109783955"
        ],
        "orgs": [
          "MB Art Center",
          "MB Art Center"
        ],
        "whys": [
          "Raku firing workshop with glaze and firing, multiple 2026 dates",
          "Raku firing workshops, outdoor behind arts center, multiple dates in 2026, $80 per workshop"
        ],
        "found_by": [
          "search: raku firing Northern California",
          "search: raku firing Southern California"
        ]
      },
      {
        "key": "nlapw.org",
        "urls": [
          "https://nlapw.org/in-the-studio-with/melissa-woodburn"
        ],
        "orgs": [
          "Northern Lights Artists and Potters Working (NLAPW)"
        ],
        "whys": [
          "Bay Area pit firing artist featured in studio profile"
        ],
        "found_by": [
          "search: pit firing pottery Northern California"
        ]
      },
      {
        "key": "org:pit fire pottery making retreat",
        "urls": [
          "https://retreat.guru/events/2579-618/pit-fire-pottery-making-retreat"
        ],
        "orgs": [
          "Pit Fire Pottery Making Retreat"
        ],
        "whys": [
          "Pit fire pottery retreat event listing"
        ],
        "found_by": [
          "search: pit firing pottery Northern California"
        ]
      },
      {
        "key": "carsonnow.org",
        "urls": [
          "https://www.carsonnow.org/reader-content/08/17/2018/raku-firing-sunday-819"
        ],
        "orgs": [
          "Carson City Art Gallery and Pottery"
        ],
        "whys": [
          "Raku firing workshop venue with hands-on participation"
        ],
        "found_by": [
          "search: raku firing Southern California"
        ]
      },
      {
        "key": "org:sonoma community center sonoma valley pottery",
        "urls": [
          "https://patch.com/california/sonomavalley/calendar/event/20260124/fb0c651a-b5ae-48d8-8f46-4634b451bcbf/intro-to-mid-range-soda-fire-workshop"
        ],
        "orgs": [
          "Sonoma Community Center / Sonoma Valley pottery"
        ],
        "whys": [
          "Workshop offering hands-on soda firing training - place to participate in soda firing"
        ],
        "found_by": [
          "search: soda kiln firing Southern California"
        ]
      },
      {
        "key": "csulb.edu",
        "urls": [
          "https://csulb.edu/node/574641"
        ],
        "orgs": [
          "California State University Long Beach"
        ],
        "whys": [
          "University facility with ceramic equipment and potential firing access"
        ],
        "found_by": [
          "search: soda kiln firing Southern California"
        ]
      },
      {
        "key": "primitiveways.com",
        "urls": [
          "https://primitiveways.com/pottery4.html",
          "https://w.primitiveways.com/pottery1.html"
        ],
        "orgs": [
          "Primitive Ways educational site",
          "Primitive Ways educational site"
        ],
        "whys": [
          "Directory/article listing Southern California pottery information",
          "Directory/article listing Southern California pottery techniques including pit firing"
        ],
        "found_by": [
          "search: soda kiln firing Southern California",
          "search: pit firing pottery Southern California"
        ]
      },
      {
        "key": "org:coursehorse los angeles pottery classes",
        "urls": [
          "https://coursehorse.com/los-angeles/classes/art/pottery/handbuilding?page=3"
        ],
        "orgs": [
          "CourseHorse / Los Angeles pottery classes"
        ],
        "whys": [
          "Directory of pottery classes in Los Angeles area - may include pit firing"
        ],
        "found_by": [
          "search: pit firing pottery Southern California"
        ]
      },
      {
        "key": "org:ma to event listing artillery ceramics",
        "urls": [
          "https://ma.to/event/pit-firing-workshop-20-sep-2026"
        ],
        "orgs": [
          "Ma.to event listing / Artillery Ceramics"
        ],
        "whys": [
          "Event listing for pit firing workshop in California"
        ],
        "found_by": [
          "search: pit firing pottery Southern California"
        ]
      },
      {
        "key": "gazettejournal.net",
        "urls": [
          "https://www.gazettejournal.net/raku-firing-fundraiser-to-be-held-at-bay-school"
        ],
        "orgs": [
          "Bay School Community Arts Center / Clay by the Bay Ceramics Guild"
        ],
        "whys": [
          "Community venue hosting raku firing fundraiser events where public can participate"
        ],
        "found_by": [
          "search: raku firing Bay Area"
        ]
      },
      {
        "key": "org:el cerrito raku festival",
        "urls": [
          "https://patch.com/california/elcerrito/raku-festival"
        ],
        "orgs": [
          "El Cerrito Raku Festival"
        ],
        "whys": [
          "Annual raku festival with demonstrations and public participation"
        ],
        "found_by": [
          "search: raku firing Bay Area"
        ]
      },
      {
        "key": "org:bay area soda firing workshop",
        "urls": [
          "https://ma.to/event/soda-firing-workshop-25-jul-2026"
        ],
        "orgs": [
          "Bay Area Soda Firing Workshop (Ma.to listing)"
        ],
        "whys": [
          "Soda firing workshop event in Bay Area"
        ],
        "found_by": [
          "search: soda kiln firing Bay Area"
        ]
      },
      {
        "key": "org:topa institute pit fire pottery making retreat",
        "urls": [
          "https://retreat.guru/events/2579-618/pit-fire-pottery-making-retreat"
        ],
        "orgs": [
          "Topa Institute / Pit Fire Pottery Making Retreat"
        ],
        "whys": [
          "Ceramic arts retreat featuring pit firing instruction"
        ],
        "found_by": [
          "search: pit firing pottery Bay Area"
        ]
      },
      {
        "key": "zoominfo.com",
        "urls": [
          "https://www.zoominfo.com/c/raku-potteryworks/346263983",
          "https://www.rakupotteryworks.com/home.php"
        ],
        "orgs": [
          "Raku Potteryworks",
          "Raku Potteryworks"
        ],
        "whys": [
          "California-based raku pottery studio and distributor since 2000",
          "Raku pottery studio"
        ],
        "found_by": [
          "search: pottery supply store raku firing California",
          "search: art center ceramics raku California"
        ]
      },
      {
        "key": "en.wikipedia.org",
        "urls": [
          "https://en.wikipedia.org/wiki/Paul_Soldner"
        ],
        "orgs": [
          "Paul Soldner (Historical figure)"
        ],
        "whys": [
          "Notable raku pioneer with California connections and influence"
        ],
        "found_by": [
          "search: pottery supply store raku firing California"
        ]
      },
      {
        "key": "thepottershousegallery.com",
        "urls": [
          "https://www.thepottershousegallery.com/raku.html"
        ],
        "orgs": [
          "The Potter's House Gallery"
        ],
        "whys": [
          "Gallery or studio featuring raku pottery"
        ],
        "found_by": [
          "search: pottery supply store raku firing California"
        ]
      },
      {
        "key": "stevenforbesdesoule.com",
        "urls": [
          "https://stevenforbesdesoule.com/store/electric-moon"
        ],
        "orgs": [
          "Steven Forbes-deSoule (Electric Moon Raku Pottery)"
        ],
        "whys": [
          "California-based raku potter and artist"
        ],
        "found_by": [
          "search: pottery supply store raku firing California"
        ]
      },
      {
        "key": "raaquu.com",
        "urls": [
          "https://www.raaquu.com/"
        ],
        "orgs": [
          "Raaquu"
        ],
        "whys": [
          "Online retailer of raku pottery and ceramic home decor"
        ],
        "found_by": [
          "search: pottery supply store raku firing California"
        ]
      },
      {
        "key": "org:claytivity pottery studio coursehorse",
        "urls": [
          "https://coursehorse.com/los-angeles/classes/art/pottery/ceramics/raku-workshop"
        ],
        "orgs": [
          "Claytivity Pottery Studio / CourseHorse"
        ],
        "whys": [
          "Night Raku Firing workshop class, active public raku firing event in LA"
        ],
        "found_by": [
          "search: ceramic supply raku night California"
        ]
      },
      {
        "key": "visitberkeley.com",
        "urls": [
          "https://www.visitberkeley.com/directory/berkeley-potters-guild/"
        ],
        "orgs": [
          "Berkeley Potters Guild"
        ],
        "whys": [
          "Guild with 20+ potters, features wood-fired work, open studio access"
        ],
        "found_by": [
          "search: potters guild wood firing California"
        ]
      },
      {
        "key": "sandiegopottersguild.org",
        "urls": [
          "https://www.sandiegopottersguild.org/"
        ],
        "orgs": [
          "San Diego Potters' Guild"
        ],
        "whys": [
          "Juried membership guild of 40+ potters with studio access"
        ],
        "found_by": [
          "search: potters guild wood firing California"
        ]
      },
      {
        "key": "sbcc.edu",
        "urls": [
          "https://www.sbcc.edu/art/areasofspecialization.php"
        ],
        "orgs": [
          "Santa Barbara City College"
        ],
        "whys": [
          "Ceramics program with kiln firing including wood-fired techniques"
        ],
        "found_by": [
          "search: community college ceramics wood kiln California"
        ]
      },
      {
        "key": "sdmesa.edu",
        "urls": [
          "https://www.sdmesa.edu/academics/v2/programs/ceramics/"
        ],
        "orgs": [
          "San Diego Mesa College"
        ],
        "whys": [
          "Community college ceramics program with kiln firing access"
        ],
        "found_by": [
          "search: community college ceramics soda kiln California"
        ]
      },
      {
        "key": "craftcouncil.org",
        "urls": [
          "https://craftcouncil.org/articles/kilns-that-build-community/"
        ],
        "orgs": [
          "American Craft Council"
        ],
        "whys": [
          "Article on community kiln projects, likely includes California anagama information"
        ],
        "found_by": [
          "search: anagama firing crew California"
        ]
      },
      {
        "key": "dirtandceremony.com",
        "urls": [
          "https://www.dirtandceremony.com/wood-firing"
        ],
        "orgs": [
          "Dirt and Ceremony"
        ],
        "whys": [
          "Wood firing pottery studio with community firing events"
        ],
        "found_by": [
          "search: anagama firing crew California"
        ]
      },
      {
        "key": "ceramicsfieldguide.org",
        "urls": [
          "https://ceramicsfieldguide.org/chapter-2/artist-in-residence-usa/"
        ],
        "orgs": [
          "Field Guide for Ceramic Artisans"
        ],
        "whys": [
          "Directory of artist-in-residence programs in USA including California"
        ],
        "found_by": [
          "search: ceramics residency wood kiln California"
        ]
      },
      {
        "key": "ceramic.school",
        "urls": [
          "https://ceramic.school/10-ceramic-residencies-in-north-america-that-you-should-apply-to/"
        ],
        "orgs": [
          "The Ceramic School"
        ],
        "whys": [
          "Article listing ceramic residencies in North America including California"
        ],
        "found_by": [
          "search: ceramics residency wood kiln California"
        ]
      },
      {
        "key": "parks.lacounty.gov",
        "urls": [
          "https://parks.lacounty.gov/"
        ],
        "orgs": [
          "Los Angeles County Parks & Recreation"
        ],
        "whys": [
          "Parks and recreation department offering classes - may include raku/ceramics"
        ],
        "found_by": [
          "search: parks and recreation raku class California"
        ]
      },
      {
        "key": "montereypark.ca.gov",
        "urls": [
          "https://www.montereypark.ca.gov/1420/Classes"
        ],
        "orgs": [
          "Monterey Park Recreation Classes"
        ],
        "whys": [
          "Parks and recreation classes directory"
        ],
        "found_by": [
          "search: parks and recreation raku class California"
        ]
      },
      {
        "key": "longbeach.gov",
        "urls": [
          "https://www.longbeach.gov/park/recreation-programs/programs-and-classes/"
        ],
        "orgs": [
          "Long Beach Parks & Recreation"
        ],
        "whys": [
          "Parks and recreation classes directory"
        ],
        "found_by": [
          "search: parks and recreation raku class California"
        ]
      },
      {
        "key": "burbankca.gov",
        "urls": [
          "https://www.burbankca.gov/web/parks-recreation/playmore"
        ],
        "orgs": [
          "City of Burbank Parks & Recreation"
        ],
        "whys": [
          "Parks and recreation offering arts and crafts classes"
        ],
        "found_by": [
          "search: parks and recreation raku class California"
        ]
      },
      {
        "key": "thefoundrypotterystudio.com",
        "urls": [
          "https://thefoundrypotterystudio.com/home/firing-service/"
        ],
        "orgs": [
          "The Foundry Pottery Studio"
        ],
        "whys": [
          "Pottery studio offering firing service for cone 10 reduction"
        ],
        "found_by": [
          "search: gas reduction cone 10 firing class California"
        ]
      },
      {
        "key": "sonomavalleyevents.com",
        "urls": [
          "https://www.sonomavalleyevents.com/03/08/2025/intro-to-mid-range-soda-fire-workshop/"
        ],
        "orgs": [
          "Sonoma Valley Events"
        ],
        "whys": [
          "Intro to mid-range soda fire workshop at Sonoma Community Center"
        ],
        "found_by": [
          "search: atmospheric firing workshop California"
        ]
      },
      {
        "key": "theye11ow.com",
        "urls": [
          "https://www.theye11ow.com/come-fire-with-us"
        ],
        "orgs": [
          "The Yellow"
        ],
        "whys": [
          "Ceramic firing community"
        ],
        "found_by": [
          "search: atmospheric firing workshop California"
        ]
      },
      {
        "key": "salmoncreekfarm-arts.org",
        "urls": [
          "https://salmoncreekfarm-arts.org/Wood-Fire-Ceramics"
        ],
        "orgs": [
          "Salmon Creek Farm"
        ],
        "whys": [
          "Wood fire ceramics workshop"
        ],
        "found_by": [
          "search: atmospheric firing workshop California"
        ]
      },
      {
        "key": "artsy.net",
        "urls": [
          "https://www.artsy.net/article/artsy-editorial-best-places-ceramics-classes"
        ],
        "orgs": [
          "Artsy"
        ],
        "whys": [
          "Directory article on best places to take ceramics classes including California"
        ],
        "found_by": [
          "search: summer ceramics workshop wood soda California"
        ]
      },
      {
        "key": "firstcityart.org",
        "urls": [
          "https://firstcityart.org/product/raku-firings-individuals-groups/"
        ],
        "orgs": [
          "First City Art Center"
        ],
        "whys": [
          "Raku firings for individuals or groups"
        ],
        "found_by": [
          "search: art center ceramics raku California"
        ]
      },
      {
        "key": "angelsgateart.org",
        "urls": [
          "https://angelsgateart.org/listing/raku-ceramics-15/"
        ],
        "orgs": [
          "Angels Gate Cultural Center"
        ],
        "whys": [
          "Raku ceramics workshops with monthly firings"
        ],
        "found_by": [
          "search: art center ceramics raku California"
        ]
      },
      {
        "key": "volcanoartcenter.org",
        "urls": [
          "https://volcanoartcenter.org/artists/gayle-chavez/"
        ],
        "orgs": [
          "Volcano Art Center"
        ],
        "whys": [
          "Art center with ceramics artists"
        ],
        "found_by": [
          "search: art center ceramics raku California"
        ]
      },
      {
        "key": "chicoceramicscenter.com",
        "urls": [
          "https://www.chicoceramicscenter.com/"
        ],
        "orgs": [
          "Chico Ceramics Center"
        ],
        "whys": [
          "Ceramics center in Northern California"
        ],
        "found_by": [
          "search: art center ceramics raku California"
        ]
      },
      {
        "key": "hickoryclay.com",
        "urls": [
          "https://hickoryclay.com/membership"
        ],
        "orgs": [
          "Hickory Clay"
        ],
        "whys": [
          "Pottery studio membership with wheel and firing access"
        ],
        "found_by": [
          "search: pottery studio membership soda kiln California"
        ]
      },
      {
        "key": "membersonlyla.com",
        "urls": [
          "https://www.membersonlyla.com/memberships"
        ],
        "orgs": [
          "Members Only LA"
        ],
        "whys": [
          "Pottery studio membership with kiln firing access"
        ],
        "found_by": [
          "search: pottery studio membership soda kiln California"
        ]
      },
      {
        "key": "the567center.org",
        "urls": [
          "https://www.the567center.org/pottery-studio"
        ],
        "orgs": [
          "The 567 Center"
        ],
        "whys": [
          "Pottery studio"
        ],
        "found_by": [
          "search: pottery studio membership soda kiln California"
        ]
      },
      {
        "key": "thepotterystudio.com",
        "urls": [
          "https://thepotterystudio.com/pages/san-francisco"
        ],
        "orgs": [
          "The Pottery Studio"
        ],
        "whys": [
          "Pottery studio in San Francisco"
        ],
        "found_by": [
          "search: pottery studio membership soda kiln California"
        ]
      },
      {
        "key": "munson.art",
        "urls": [
          "https://www.munson.art/product/31916"
        ],
        "orgs": [
          "Munson Community Arts"
        ],
        "whys": [
          "Mini-course in Salt Fired Ceramics with Veronica Byun; works fired in new salt kiln"
        ],
        "found_by": [
          "search: salt firing class California"
        ]
      },
      {
        "key": "theokidokistudio.com",
        "urls": [
          "https://www.theokidokistudio.com/about"
        ],
        "orgs": [
          "The Oki Doki Studio"
        ],
        "whys": [
          "Studio with wood-firing kiln facilities and community"
        ],
        "found_by": [
          "search: anagama workshop Southern California"
        ]
      },
      {
        "key": "org:manhattan beach art center",
        "urls": [
          "https://www.active.com/manhattan-beach-ca/classes/arts-and-crafts-classes-raku-2026-110597374",
          "https://www.active.com/manhattan-beach-ca/classes/arts-and-crafts-classes-raku-2026-110597368",
          "https://www.active.com/manhattan-beach-ca/classes/arts-and-crafts-classes-raku-2026-110597371"
        ],
        "orgs": [
          "Manhattan Beach Art Center",
          "Manhattan Beach Art Center",
          "Manhattan Beach Art Center"
        ],
        "whys": [
          "Raku workshop offering",
          "Raku workshop offering",
          "Raku workshop offering"
        ],
        "found_by": [
          "search: raku class Southern California",
          "search: raku class Southern California",
          "search: raku class Southern California"
        ]
      },
      {
        "key": "org:patch sonoma valley events calendar",
        "urls": [
          "https://patch.com/california/sonomavalley/calendar/event/20260110/57fa6f73-5a41-4e0a-a749-2f892bfdbe37/intro-to-raku"
        ],
        "orgs": [
          "Patch - Sonoma Valley Events Calendar"
        ],
        "whys": [
          "Event directory listing intro to raku class"
        ],
        "found_by": [
          "search: raku class Southern California"
        ]
      },
      {
        "key": "org:eventbrite wood firing workshop",
        "urls": [
          "https://www.eventbrite.com/e/wood-firing-workshop-tickets-1355235107689",
          "https://www.eventbrite.com/e/wood-firing-workshop-tickets-1689565659369",
          "https://www.eventbrite.com/e/wood-firing-workshop-tickets-1987875889297"
        ],
        "orgs": [
          "Eventbrite - Wood Firing Workshop",
          "Eventbrite - Wood Firing Workshop",
          "Eventbrite - Wood Firing Workshop"
        ],
        "whys": [
          "Wood firing workshop listing (Sep 4 - Nov 20, 2025)",
          "Wood firing workshop listing (Feb 5 - April 23)",
          "Wood firing workshop listing (Sep 3 - Nov 19)"
        ],
        "found_by": [
          "search: wood firing workshop Southern California",
          "search: wood firing workshop Southern California",
          "search: wood firing workshop Southern California"
        ]
      },
      {
        "key": "rodneymottart.com",
        "urls": [
          "https://www.rodneymottart.com/about-rodney"
        ],
        "orgs": [
          "Rodney Mott Art"
        ],
        "whys": [
          "Woodstoke ceramic woodfiring workshops"
        ],
        "found_by": [
          "search: wood firing workshop Southern California"
        ]
      },
      {
        "key": "org:flynn creek pottery cross draft",
        "urls": [],
        "orgs": [
          "Flynn Creek Pottery Cross Draft"
        ],
        "whys": [
          "Levin wood-kiln map pin"
        ],
        "found_by": [
          "seed: kiln map"
        ]
      },
      {
        "key": "org:browe  hoyman anagamas",
        "urls": [],
        "orgs": [
          "Browe and Hoyman Anagamas"
        ],
        "whys": [
          "Levin wood-kiln map pin"
        ],
        "found_by": [
          "seed: kiln map"
        ]
      },
      {
        "key": "org:great basin pottery anagama",
        "urls": [],
        "orgs": [
          "The Great Basin Pottery Anagama"
        ],
        "whys": [
          "Levin wood-kiln map pin"
        ],
        "found_by": [
          "seed: kiln map"
        ]
      },
      {
        "key": "org:husted wood kiln",
        "urls": [],
        "orgs": [
          "Husted Wood Kiln"
        ],
        "whys": [
          "Levin wood-kiln map pin"
        ],
        "found_by": [
          "seed: kiln map"
        ]
      },
      {
        "key": "org:burton creek anagama",
        "urls": [],
        "orgs": [
          "Burton Creek Anagama"
        ],
        "whys": [
          "Levin wood-kiln map pin"
        ],
        "found_by": [
          "seed: kiln map"
        ]
      },
      {
        "key": "org:csu sacramento bourry box",
        "urls": [],
        "orgs": [
          "CSU Sacramento Bourry Box"
        ],
        "whys": [
          "Levin wood-kiln map pin"
        ],
        "found_by": [
          "seed: kiln map"
        ]
      },
      {
        "key": "org:fast fire updraft",
        "urls": [],
        "orgs": [
          "Fast Fire Updraft (Geoffrey Nicastro, Santa Cruz)"
        ],
        "whys": [
          "Levin wood-kiln map pin"
        ],
        "found_by": [
          "seed: kiln map"
        ]
      },
      {
        "key": "org:claytivity pottery studio",
        "urls": [
          "https://coursehorse.com/los-angeles/classes/art/pottery/ceramics/raku-workshop"
        ],
        "orgs": [
          "Claytivity Pottery Studio"
        ],
        "whys": [
          "Night Raku Firing: 4 hours, about $20 per piece, students glaze their own pieces and fire them in a raku kiln, 18+, listed as Sold Out. Its own site was not read, so recurrence is unconfirmed."
        ],
        "found_by": [
          "named by: CourseHorse"
        ]
      },
      {
        "key": "org:element art center",
        "urls": [
          "https://coursehorse.com/los-angeles/classes/art/pottery/ceramics/beach-pit-firing"
        ],
        "orgs": [
          "Element Art Center"
        ],
        "whys": [
          "Beach Pit Firing at Dockweiler Beach: 2 sessions, $180, hand-built raku-clay sculptures pit-fired at the beach, 18+, listed as Sold Out. Studio is at 835 N Broadway, LA."
        ],
        "found_by": [
          "named by: CourseHorse"
        ]
      },
      {
        "key": "clayroomsanmateo.com",
        "urls": [
          "https://www.clayroomsanmateo.com/service-page/soda-firing-with-oribe-firing-center"
        ],
        "orgs": [
          "Oribe Atmospheric Firing Center (Clay Creations)"
        ],
        "whys": [
          "Hosts the soda firing workshop for Clayroom members, Oct 10 and 17 (fully booked)."
        ],
        "found_by": [
          "named by: Clayroom (Clay Room SF)"
        ]
      }
    ],
    "checked": [
      {
        "key": "studiochannelislands.org",
        "decision": "qualifies",
        "org": "Studio Channel Islands",
        "city": "Camarillo",
        "state": "CA",
        "website": "https://studiochannelislands.org",
        "access_kind": "enrollment",
        "confidence": 0.6,
        "firing_types": [
          "raku"
        ],
        "evidence_quote": "Register for Saturdays or Sundays",
        "evidence_url": "https://studiochannelislands.org/events/raku-classes/",
        "dated": [
          {
            "title": "Raku Workshop (Ian Bermann); raku firings April 8 & 9",
            "dates": "Feb 25 - Apr 9, 2023 (past; 2pm-5pm sessions)",
            "cost": "not listed",
            "status": "past; limit of 6 per class; over 16, open to public",
            "url": "https://studiochannelislands.org/events/raku-classes/"
          }
        ],
        "where_posted": "Website events/education pages (studiochannelislands.org/edu/); phone 805-383-1368, info@studiochannelislands.org. No recurrence confirmed; only the 2023 session was visible, so check for current sessions.",
        "reason": "Public-enrollment art center class (open to the public, no experience needed) that includes a raku firing. The only dated session seen is 2023, and recurrence is not confirmed, so this is a borderline qualify. Verify with the studio before listing as current.",
        "named_places": []
      },
      {
        "key": "org:classbento",
        "decision": "unclear",
        "org": "ClassBento",
        "city": "San Francisco",
        "state": "CA",
        "website": "https://classbento.com/raku-firing-workshop-san-francisco",
        "access_kind": "none",
        "confidence": 0.3,
        "firing_types": [
          "raku"
        ],
        "evidence_quote": "",
        "evidence_url": "https://classbento.com/raku-firing-workshop-san-francisco",
        "dated": [],
        "where_posted": "",
        "reason": "The page is blocked (Cloudflare challenge, HTTP 403) and could not be read. Searches showed only UK ClassBento raku listings and no named Bay Area host studio. ClassBento is a class marketplace, not a firing place. Retry with a browser to find the host studio's name and address; if one is named it should be evaluated as its own place.",
        "named_places": []
      },
      {
        "key": "clayartistsofsandiego.org",
        "decision": "qualifies",
        "org": "Clay Artists of San Diego (CASD)",
        "city": "San Diego",
        "state": "CA",
        "website": "https://www.clayartistsofsandiego.org",
        "access_kind": "mixed",
        "confidence": 0.75,
        "firing_types": [
          "raku",
          "horsehair",
          "naked raku",
          "soda",
          "pit"
        ],
        "evidence_quote": "Workshop is limited to 8 participants.",
        "evidence_url": "https://www.clayartistsofsandiego.org/casd-workshops/casd-raku-workshop",
        "dated": [
          {
            "title": "Raku Workshop (traditional, naked raku, horsehair) at Francis Parker High School, San Diego",
            "dates": "March 2-3, 2013 (past)",
            "cost": "$60 members / $85 non-members",
            "status": "past; limited to 8",
            "url": "https://www.clayartistsofsandiego.org/casd-workshops/casd-raku-workshop"
          },
          {
            "title": "Soda Firing Workshop with David Cuzick, Cuzick Studio, Spring Valley",
            "dates": "Feb 15-18, 2024 (past)",
            "cost": "$125",
            "status": "past; 12 CASD members only, possible lottery",
            "url": "https://www.clayartistsofsandiego.org/casd-workshops/soda-firing-workshop-with-david-cuzick"
          }
        ],
        " where_posted": "CASD website, monthly member newsletter",
        "reason": "CASD is a nonprofit guild open to anyone with an interest in ceramics. It runs two or three workshops a year (raku and horsehair in 2013, soda in 2024), and a San Diego Home/Garden article describes an annual Desert Burn Pit Firing in Ocotillo for members. Raku was open to non-members at a higher price. The soda workshop was members-only, but anyone can join, so access is by membership plus dated workshops. The workshop pages show past dates, but the recurring pattern and the annual pit firing support a qualify.",
        "named_places": [
          {
            "org": "Cuzick Studio (David Cuzick)",
            "city": "Spring Valley",
            "url": "https://www.clayartistsofsandiego.org/casd-workshops/soda-firing-workshop-with-david-cuzick",
            "why": "Hosted CASD's Feb 2024 soda firing workshop"
          },
          {
            "org": "Francis Parker High School",
            "city": "San Diego",
            "url": "https://www.clayartistsofsandiego.org/casd-workshops/casd-raku-workshop",
            "why": "Hosted CASD's 2013 raku workshop (a school, probably not joinable on its own)"
          }
        ],
        "evidence_url_secondary": "https://www.sandiegohomegarden.com/?p=1473"
      },
      {
        "key": "org:coursehorse",
        "decision": "list_page",
        "org": "CourseHorse",
        "reason": "CourseHorse is a class-booking marketplace, not a place. Its raku and pit-firing listings name two LA providers, Claytivity Pottery Studio (Night Raku Firing) and Element Art Center (Beach Pit Firing). Both listings were Sold Out with no dates shown when read. Pages 2 of the ceramics and pottery listings only repeat these same two firing classes.",
        "named_places": [
          {
            "org": "Claytivity Pottery Studio",
            "city": "Los Angeles",
            "url": "https://coursehorse.com/los-angeles/classes/art/pottery/ceramics/raku-workshop",
            "why": "Night Raku Firing: 4 hours, about $20 per piece, students glaze their own pieces and fire them in a raku kiln, 18+, listed as Sold Out. Its own site was not read, so recurrence is unconfirmed."
          },
          {
            "org": "Element Art Center",
            "city": "Los Angeles",
            "url": "https://coursehorse.com/los-angeles/classes/art/pottery/ceramics/beach-pit-firing",
            "why": "Beach Pit Firing at Dockweiler Beach: 2 sessions, $180, hand-built raku-clay sculptures pit-fired at the beach, 18+, listed as Sold Out. Studio is at 835 N Broadway, LA."
          }
        ],
        "confidence": 0.8,
        "evidence_quote": "Explore the ancient art of pit firing at Dockweiler Beach with this hands-on pottery course, where you'll create and fire raku clay sculptures in a high-risk, high-reward pit-firing process",
        "evidence_url": "https://coursehorse.com/los-angeles/classes/art/pottery/ceramics/beach-pit-firing",
        "website": "https://coursehorse.com",
        "state": "CA",
        "city": "Los Angeles",
        "firing_types": [
          "raku",
          "pit"
        ]
      },
      {
        "key": "bigceramicstore.com",
        "decision": "reject",
        "org": "Big Ceramic Store",
        "reason": "The domain 301-redirects to an unrelated spam domain (xoilacxxq.cc), so the given page is unreadable and was not followed. A web search describes Big Ceramic Store as an online ceramics supply retailer that does not run classes, and its own site could not be checked. It is not a place offering joinable firings and not a usable California directory. The search results that did name California studios named none with firings, so named_places is empty.",
        "named_places": [],
        "confidence": 0.7,
        "evidence_quote": "location: https://xoilacxxq.cc/",
        "evidence_url": "https://bigceramicstore.com/",
        "website": "https://bigceramicstore.com",
        "state": "CA",
        "firing_types": []
      },
      {
        "key": "sandiegocraft.org",
        "decision": "qualifies",
        "org": "San Diego Craft Collective",
        "reason": "Public raku firing workshop run at the Collective's Liberty Station studio. Students bring up to 3 bisqued pieces and glazes and firing are included. The page has a date drop-down, which suggests the workshop repeats, and an interest list. It was full and unavailable when read.",
        "named_places": [],
        "confidence": 0.8,
        "access_kind": "dated",
        "evidence_quote": "this class is full and unavailable",
        "evidence_url": "https://sandiegocraft.org/product/ceramics-raku-firing/",
        "website": "https://sandiegocraft.org",
        "state": "CA",
        "city": "San Diego",
        "firing_types": [
          "raku"
        ],
        "dated": [
          {
            "title": "Ceramics: Raku Firing (instructor Steve Dilley, Veterans Art Project)",
            "dates": "Selected from a drop-down on the product page; no specific dates visible when read",
            "cost": "Not shown on the page when read",
            "status": "Full/unavailable, interest list offered",
            "url": "https://sandiegocraft.org/product/ceramics-raku-firing/"
          }
        ],
        "where_posted": "Product page on sandiegocraft.org with an interest list for future dates. Other channels not checked."
      },
      {
        "key": "claybythebaysf.com",
        "decision": "reject",
        "org": "Clay By The Bay",
        "city": "San Francisco",
        "state": "CA",
        "reason": "Clay By The Bay's site and shop could not be reached (all fetches failed). Hoodline reports the Beach St studio shut abruptly in July 2026 after an eviction filing. The article says nothing about reopening, relocating or raku, so there is no operating place offering raku firings.",
        "evidence_quote": "shut down abruptly this month, blindsiding students, members and teachers",
        "evidence_url": "https://hoodline.com/2026/07/clay-by-the-bay-kicked-to-the-curb-as-fisherman-s-wharf-pottery-hub-shuts-overnight-6730227/",
        "confidence": 0.8,
        "named_places": []
      },
      {
        "key": "clayfolkstudio.com",
        "decision": "qualifies",
        "org": "CLAYFOLK Studio",
        "city": "Occidental",
        "state": "CA",
        "website": "https://www.clayfolkstudio.com/workshops-1",
        "access_kind": "dated",
        "firing_types": [
          "raku",
          "naked raku",
          "alcohol reduction",
          "saggar",
          "horsehair"
        ],
        "reason": "Public-enrollment 1-Day and Advanced Raku Firing Retreats run by CLAYFOLK on its back patio. The 1-Day series runs nearly every Saturday in March to May. Workshops are paused for fire season and resume when the rain returns at the end of the year, so they recur yearly. The studio also has memberships, but nothing says they include the raku kiln.",
        "evidence_quote": "we will resume Raku workshops when the rain returns at the end of the year.",
        "evidence_url": "https://www.clayfolkstudio.com/workshops-1",
        "confidence": 0.9,
        "dated": [
          {
            "title": "1-Day Raku Firing Retreat",
            "dates": "Almost every Saturday in March, April and May, 10AM-5PM. Currently paused for fire season, resuming when the rain returns at the end of the year; no specific dates posted.",
            "cost": "$195 (includes catered lunch)",
            "status": "Paused. Notification list open.",
            "url": "https://www.clayfolkstudio.com/workshops-1"
          },
          {
            "title": "Advanced Raku Firing Retreat (alcohol reduction, naked raku, saggars)",
            "dates": "No dates posted; 10AM-5PM when offered",
            "cost": "$225 (includes catered lunch)",
            "status": "Paused. Notification list open.",
            "url": "https://www.clayfolkstudio.com/workshops-1"
          }
        ],
        "where_posted": "Website workshops page, the website 'Sign Up to Receive Updates' notification list, and Instagram (linked in the footer)",
        "named_places": []
      },
      {
        "key": "thecuriousforge.org",
        "decision": "qualifies",
        "org": "The Curious Forge",
        "city": "Grass Valley",
        "state": "CA",
        "website": "https://thecuriousforge.org/product/raku-ceramics/",
        "access_kind": "dated",
        "firing_types": [
          "raku",
          "horsehair"
        ],
        "reason": "Public-enrollment four-class raku workshop (ages 14+, no experience needed) ending in a raku firing party. The listed dates (Nov 8-22, most likely 2025) are past, and the page offers a waitlist for the next session, which suggests it recurs. I could not confirm new dates. Members get 20% off workshops. The Forge is a Nevada County makerspace; I read the city as Grass Valley, which the page does not state outright.",
        "evidence_quote": "There are not available dates for this class. Please join the waitlist to be notified when it becomes available.",
        "evidence_url": "https://thecuriousforge.org/product/raku-ceramics/",
        "confidence": 0.7,
        "dated": [
          {
            "title": "Discovering Raku (4-class series, Yvon Dockter)",
            "dates": "Sat 11/8 and Tue 11/11 handbuilding, Thu 11/20 glazing, Sat 11/22 12:00-4:30 PM raku firing party (year not shown, probably 2025, past)",
            "cost": "$208 + $25 materials",
            "status": "No available dates; out of stock; waitlist open",
            "url": "https://thecuriousforge.org/product/raku-ceramics/"
          }
        ],
        "where_posted": "Website class catalog and calendar, with a waitlist signup on the product page",
        "named_places": []
      },
      {
        "key": "acga.net",
        "decision": "list_page",
        "org": "ACGA (Association of Clay and Glass Artists of California)",
        "reason": "Directory of California classes and studios, not a place itself. Names a few places that mention raku, pit or alternative firing workshops.",
        "named_places": [
          {
            "org": "Mendocino Art Center",
            "city": "Mendocino",
            "url": "https://acga.net/classes/",
            "why": "Two-day workshops have included Pit Fire on the Beach and Raku; also artist residency."
          },
          {
            "org": "Walnut Creek Civic Arts Education",
            "city": "Walnut Creek",
            "url": "https://acga.net/classes/",
            "why": "Courses include wheel, raku and alternative firing techniques."
          },
          {
            "org": "SMAart Gallery & Studio",
            "city": "San Francisco",
            "url": "https://www.smaartstudio.com/",
            "why": "Raku classes and raku firing at the Sutter St studio."
          },
          {
            "org": "The Crucible",
            "city": "Oakland",
            "url": "https://acga.net/classes/",
            "why": "Listed with ceramics classes; no firing type stated, so worth checking for gas or raku."
          },
          {
            "org": "AMOCA (American Museum of Ceramic Art)",
            "city": "Pomona",
            "url": "https://acga.net/classes/",
            "why": "Youth and adult ceramics classes; no firing type stated, so worth checking for raku or wood."
          }
        ],
        "evidence_quote": "Two day workshops have included: Exploring the Slab, Pit Fire on the Beach, Exploring Porcelain, Tiles for Murals, Alternative Uses for Basic Pottery Techniques, Raku",
        "evidence_url": "https://acga.net/classes/",
        "website": "https://acga.net/classes/"
      },
      {
        "key": "smaartstudio.com",
        "decision": "qualifies",
        "org": "SMAart Gallery & Studio",
        "city": "San Francisco",
        "state": "CA",
        "website": "https://www.smaartstudio.com/",
        "access_kind": "mixed",
        "firing_types": [
          "raku",
          "gas-reduction"
        ],
        "firing_types_note": "Raku and Cone 10 reduction kilns, both at the Sutter St studio.",
        "reason": "Public raku classes are offered (1-day workshops and a 4-week raku course at $260). Memberships include access to the Cone 10 reduction and raku kilns, plus Raku events.",
        "named_places": [],
        "evidence_quote": "Every membership includes access to Firing & glazing Cone 10 reduction (Sutter) Cone 5 oxidation (both studios) Raku firing (Sutter)",
        "evidence_url": "https://www.smaartstudio.com/membership",
        "dated": [
          {
            "title": "4-Week Raku Class (once a week for 4 weeks, 2 hrs each)",
            "dates": "Sessions are in the Wix booking widget at https://www.smaartstudio.com/booksmaart; specific dates not visible in the page text",
            "cost": "$260 (standard 4-week class is $230)",
            "status": "unknown",
            "url": "https://www.smaartstudio.com/classinfo"
          },
          {
            "title": "1-Day Raku Workshop (Sutter St)",
            "dates": "Booking widget; dates not visible in the page text",
            "cost": "$89 for the standard 1-day class; raku price not confirmed",
            "status": "unknown",
            "url": "https://www.smaartstudio.com/"
          }
        ],
        "where_posted": "Website booking page (smaartstudio.com/booksmaart); SMAart Blog; a mailing list or Instagram was not confirmed.",
        "confidence": 0.8
      },
      {
        "key": "clayworks-inc.org-placeholder",
        "decision": "reject",
        "org": "placeholder",
        "reason": "remove",
        "named_places": []
      },
      {
        "key": "watervillecreates.org",
        "decision": "reject",
        "org": "Waterville Creates",
        "reason": "Waterville Creates is at the Paul J. Schupf Art Center, 93 Main Street, Waterville, Maine, not California. The raku workshops are real, but the place is outside scope.",
        "named_places": [],
        "state": "ME",
        "city": "Waterville",
        "website": "https://www.watervillecreates.org/clay-studio/",
        "evidence_url": "https://www.watervillecreates.org/shows/community-raku-firing/",
        "evidence_quote": "",
        "confidence": 0.9
      },
      {
        "key": "clayroomsf.com",
        "decision": "qualifies",
        "org": "Clayroom (Clay Room SF)",
        "reason": "Clayroom Oakland runs a monthly public raku firing workshop (last Sunday, from $90) and a monthly obvara firing (first Sunday). Clayroom also offers members-only soda firings at Oribe Atmospheric Firing Center in San Gregorio. Both the raku and obvara sessions are bookable by the public.",
        "named_places": [
          {
            "org": "Oribe Atmospheric Firing Center (Clay Creations)",
            "city": "San Gregorio",
            "url": "https://www.clayroomsanmateo.com/service-page/soda-firing-with-oribe-firing-center",
            "why": "Hosts the soda firing workshop for Clayroom members, Oct 10 and 17 (fully booked)."
          }
        ],
        "state": "CA",
        "city": "Oakland",
        "website": "https://www.clayroomsf.com/workshop",
        "evidence_url": "https://www.clayroomoakland.com/service-page/raku-workshop",
        "evidence_quote": "Join us at Clayroom Oakland for our monthly Raku firing!",
        "access_kind": "mixed",
        "firing_types": [
          "raku",
          "obvara",
          "soda"
        ],
        "dated": [
          {
            "title": "Monthly Raku & BBQ - Oakland",
            "dates": "Every last Sunday of the month, 10am-4pm (workshop page) / 11:30am-5pm (listing page)",
            "cost": "From $90",
            "status": "Enrollment ongoing",
            "url": "https://www.clayroomoakland.com/service-page/raku-workshop"
          },
          {
            "title": "Monthly Obvara Firing - Oakland",
            "dates": "Every first Sunday of the month, 12pm-4pm",
            "cost": "not captured",
            "status": "Enrollment ongoing",
            "url": "https://www.clayroomoakland.com/service-page/obvara-workshop"
          },
          {
            "title": "Soda Firing with Oribe Firing Center (Clayroom members only)",
            "dates": "Sat Oct 10 and Sat Oct 17, 2026",
            "cost": "not captured",
            "status": "Fully booked",
            "url": "https://www.clayroomsanmateo.com/service-page/soda-firing-with-oribe-firing-center"
          }
        ],
        "where_posted": "Clayroom website workshop page and Wix booking pages (clayroomoakland.com). No newsletter or social channel was checked."
      },
      {
        "key": "org:manhattan beach arts center",
        "decision": "qualifies",
        "org": "Manhattan Beach Arts Center (MB Art Center)",
        "reason": "The City of Manhattan Beach Parks and Recreation runs public-registration raku workshops at the MB Art Center. Students glaze and fire their own bisque pieces. Sessions recur in 2026 (Aug 19, Nov 4). The Aug 19 session is closed to registration.",
        "named_places": [],
        "state": "CA",
        "city": "Manhattan Beach",
        "website": "https://www.active.com/manhattan-beach-ca/classes/raku-2026-109783961",
        "evidence_url": "https://www.active.com/manhattan-beach-ca/classes/raku-2026-109783961",
        "evidence_quote": "Students will glaze and fire their pieces, participating in the entire process.",
        "access_kind": "dated",
        "firing_types": [
          "raku"
        ],
        "dated": [
          {
            "title": "Raku - August 19, 2026",
            "dates": "2026-08-19, 5-8pm",
            "cost": "not captured",
            "status": "Closed to further registration",
            "url": "https://www.active.com/manhattan-beach-ca/classes/raku-2026-109783961"
          },
          {
            "title": "Raku - November 04, 2026",
            "dates": "2026-11-04",
            "cost": "See price at registration",
            "status": "Open, Register Now",
            "url": "https://www.active.com/manhattan-beach-ca/classes/pottery-and-ceramics-event-raku-2026-110597374"
          }
        ],
        "where_posted": "Active.com city of Manhattan Beach Parks and Recreation class listings",
        "confidence": 0.85
      },
      {
        "key": "org:mill valley potter s studio",
        "decision": "qualifies",
        "org": "Mill Valley Potter's Studio",
        "city": "Mill Valley",
        "state": "CA",
        "website": "https://www.millvalleypottersstudio.com",
        "access_kind": "mixed",
        "confidence": 0.6,
        "firing_types": [
          "raku",
          "pit"
        ],
        "evidence_quote": "The purpose of this gallery is to share valuable information and insights about raku glazes, slips, and techniques that can be used during our raku workshops.",
        "evidence_url": "https://www.millvalleypottersstudio.com/raku-beta-gallery",
        "reason": "Public studio in Mill Valley that runs raku workshops (own site) and ran a ticketed $125 two-day pit fire workshop open to the public (Patch article, published 2016, so that dated event is old). No current dated raku or pit event found on the site; classes are booked via millvalleypotterystudio.kilnfire.com. Recurrence of pit fire is not confirmed, but raku workshops are referenced as ongoing.",
        "dated": [
          {
            "title": "Pit Fire Workshop (burnishing Aug 20, pit fire Sept 25, beach site)",
            "dates": "Aug 20 and Sept 25 (Patch article published 2016; past)",
            "cost": "$125 for both days",
            "status": "few spaces remained (historical)",
            "url": "https://patch.com/california/millvalley/september-pit-fire-mill-valley-potters-studio"
          }
        ],
        "where_posted": "Newsletter and Instagram @millvalleypotterystudio; bookings on kilnfire.com",
        "named_places": []
      },
      {
        "key": "panamapotterysacramento.com",
        "decision": "reject",
        "org": "Panama Pottery / Sincere Ceramics (Sacramento)",
        "city": "Sacramento",
        "state": "CA",
        "website": "https://www.sincereceramics.com",
        "access_kind": "none",
        "confidence": 0.7,
        "firing_types": [],
        "evidence_quote": "From wheel throwing and hand building to glazing and saggar firing, you can learn all the techniques you need to create beautiful pottery.",
        "evidence_url": "https://www.panamapotterysacramento.com/are-there-any-pottery-classes-that-teach-saggar-firing-techniques-in-sacramento-california",
        "reason": "The candidate page is a generic SEO article with no schedules, pricing or enrollment. Sincere Ceramics' own site describes general art classes, gallery and studio and nothing about saggar, raku, pit or other qualifying firings; a search found no outside evidence of such offerings.",
        "named_places": []
      },
      {
        "key": "cantonclayworks.com",
        "decision": "reject",
        "org": "Canton Clay Works",
        "city": "Canton",
        "state": "CT",
        "website": "https://www.cantonclayworks.com",
        "access_kind": "none",
        "confidence": 0.97,
        "firing_types": [
          "saggar"
        ],
        "evidence_quote": "150 Cherry Brook Rd.",
        "evidence_url": "https://www.cantonclayworks.com/saggar-workshops",
        "reason": "Located in Canton, Connecticut, outside California.",
        "named_places": []
      },
      {
        "key": "johnbrittpottery.blogspot.com",
        "decision": "reject",
        "org": "John Britt Pottery (blog post about a Pocosin Arts workshop)",
        "reason": "The post documents a 2011 aluminum foil saggar workshop organized by Pocosin Arts (252 area code, North Carolina). It is not in California, it is a past one-off event, and the blog is not a California place.",
        "named_places": [],
        "evidence_quote": "Participants may bring pieces to decorate and fire in either a bon-fire or a primitive kiln (method is as yet to be determined).",
        "evidence_url": "https://johnbrittpottery.blogspot.com/2011/07/aluminum-foil-saggar-fire-workshop.html",
        "state": "NC",
        "confidence": 0.85
      },
      {
        "key": "teachinart.com",
        "decision": "reject",
        "org": "TeachinArt (Marcia Selsor)",
        "reason": "Online video e-course only. It has no in-person firings and no California location.",
        "named_places": [],
        "evidence_quote": "Alternative firing online workshop with Marcia Selsor",
        "evidence_url": "https://www.teachinart.com/alternative-firing.html",
        "confidence": 0.95
      },
      {
        "key": "alisonwestceramics.com",
        "decision": "reject",
        "org": "Alison West Ceramics",
        "reason": "The workshops are held in Christow, Devon, England, UK, which is outside California.",
        "named_places": [],
        "evidence_quote": "Saggar, Barrel, Raku & Naked Raku Workshops | Christow, Devon | Abi Higgins & Alison West Ceramics",
        "evidence_url": "https://alisonwestceramics.com/",
        "city": "Christow",
        "state": "Devon, UK",
        "confidence": 0.97
      }
    ],
    "recall_queries": [],
    "recall_misses": []
  },
  "workflowProgress": [
    {
      "type": "workflow_phase",
      "index": 1,
      "title": "Search"
    },
    {
      "type": "workflow_phase",
      "index": 2,
      "title": "Check"
    },
    {
      "type": "workflow_phase",
      "index": 3,
      "title": "Recall"
    },
    {
      "type": "workflow_agent",
      "index": 1,
      "label": "search 1/19",
      "phaseIndex": 1,
      "phaseTitle": "Search",
      "agentId": "abece2f0cdf99ef65",
      "model": "claude-haiku-4-5-20251001",
      "state": "done",
      "startedAt": 1791245874547,
      "queuedAt": 1791245874534,
      "attempt": 1,
      "lastToolName": "StructuredOutput",
      "promptPreview": "You are a search worker for a directory of pottery firings that the public can join in California.\nDo NOT read any files in the local repository. Work only from the web.\nLoad the WebSearch tool with ToolSearch (\"select:WebSearch\") and run EACH of these searches with the mode shown in brackets. Extended mode matters: it finds places standard mode never shows. Run every one; do not skip any.\n1. raku…",
      "promptFramed": true,
      "lastProgressAt": 1791246147630,
      "tokens": 56702,
      "toolCalls": 10,
      "durationMs": 273078,
      "resultPreview": "{\"queries\":[{\"q\":\"raku workshop California\",\"n_results\":9,\"kept\":[{\"url\":\"https://studiochannelislands.org/events/raku-classes/\",\"org\":\"Studio Channel Islands\",\"city\":\"Camarillo\",\"why\":\"Studio offering raku workshops in California\"},{\"url\":\"https://classbento.com/raku-firing-workshop-san-francisco\",\"org\":\"ClassBento\",\"city\":\"San Francisco\",\"why\":\"Raku firing workshop class listing for SF area\"},{\"…"
    },
    {
      "type": "workflow_agent",
      "index": 2,
      "label": "search 2/19",
      "phaseIndex": 1,
      "phaseTitle": "Search",
      "agentId": "a3acc5afe8b14481f",
      "model": "claude-haiku-4-5-20251001",
      "state": "done",
      "startedAt": 1791245874548,
      "queuedAt": 1791245874534,
      "attempt": 1,
      "lastToolName": "StructuredOutput",
      "promptPreview": "You are a search worker for a directory of pottery firings that the public can join in California.\nDo NOT read any files in the local repository. Work only from the web.\nLoad the WebSearch tool with ToolSearch (\"select:WebSearch\") and run EACH of these searches with the mode shown in brackets. Extended mode matters: it finds places standard mode never shows. Run every one; do not skip any.\n1. pit …",
      "promptFramed": true,
      "lastProgressAt": 1791246173216,
      "tokens": 53198,
      "toolCalls": 10,
      "durationMs": 297868,
      "resultPreview": "{\"queries\":[{\"q\":\"pit fire private firing California\",\"n_results\":8,\"kept\":[]},{\"q\":\"pit fire by appointment California\",\"n_results\":10,\"kept\":[]},{\"q\":\"saggar workshop California\",\"n_results\":10,\"kept\":[{\"url\":\"https://www.panamapotterysacramento.com/are-there-any-pottery-classes-that-teach-saggar-firing-techniques-in-sacramento-california\",\"org\":\"Panama Pottery\",\"city\":\"Sacramento\",\"why\":\"Offers…"
    },
    {
      "type": "workflow_agent",
      "index": 3,
      "label": "search 3/19",
      "phaseIndex": 1,
      "phaseTitle": "Search",
      "agentId": "a5bd27df1f0234e8a",
      "model": "claude-haiku-4-5-20251001",
      "state": "done",
      "startedAt": 1791245874549,
      "queuedAt": 1791245874534,
      "attempt": 1,
      "lastToolName": "StructuredOutput",
      "promptPreview": "You are a search worker for a directory of pottery firings that the public can join in California.\nDo NOT read any files in the local repository. Work only from the web.\nLoad the WebSearch tool with ToolSearch (\"select:WebSearch\") and run EACH of these searches with the mode shown in brackets. Extended mode matters: it finds places standard mode never shows. Run every one; do not skip any.\n1. wood…",
      "promptFramed": true,
      "lastProgressAt": 1791245924959,
      "tokens": 53567,
      "toolCalls": 10,
      "durationMs": 49610,
      "resultPreview": "{\"queries\":[{\"q\":\"wood fire class California\",\"n_results\":9,\"kept\":[]},{\"q\":\"wood fire community firing California\",\"n_results\":9,\"kept\":[]},{\"q\":\"wood fire private firing California\",\"n_results\":9,\"kept\":[]},{\"q\":\"wood fire by appointment California\",\"n_results\":10,\"kept\":[]},{\"q\":\"wood firing workshop California\",\"n_results\":10,\"kept\":[{\"url\":\"https://www.eventbrite.com/e/wood-firing-workshop-ti…"
    },
    {
      "type": "workflow_agent",
      "index": 4,
      "label": "search 4/19",
      "phaseIndex": 1,
      "phaseTitle": "Search",
      "agentId": "a2f6cf4e9429161b0",
      "model": "claude-haiku-4-5-20251001",
      "state": "done",
      "startedAt": 1791245874549,
      "queuedAt": 1791245874535,
      "attempt": 1,
      "lastToolName": "StructuredOutput",
      "promptPreview": "You are a search worker for a directory of pottery firings that the public can join in California.\nDo NOT read any files in the local repository. Work only from the web.\nLoad the WebSearch tool with ToolSearch (\"select:WebSearch\") and run EACH of these searches with the mode shown in brackets. Extended mode matters: it finds places standard mode never shows. Run every one; do not skip any.\n1. wood…",
      "promptFramed": true,
      "lastProgressAt": 1791245918318,
      "tokens": 51458,
      "toolCalls": 10,
      "durationMs": 42969,
      "resultPreview": "{\"queries\":[{\"q\":\"wood firing by appointment California\",\"n_results\":10,\"kept\":[{\"url\":\"https://site.corsizio.com/c/6331f4b34ab8bc6e82bcfa64\",\"org\":\"Woolman (Nevada City)\",\"why\":\"136th Noborigama Kiln Firing - historic wood-fired climbing kiln, multi-day firing event, participants can fire pieces\"},{\"url\":\"https://www.mendocinoartcenter.org/workshops/p/a-woodfire-ceramics-workshop-with-katie-apple…"
    },
    {
      "type": "workflow_agent",
      "index": 5,
      "label": "search 5/19",
      "phaseIndex": 1,
      "phaseTitle": "Search",
      "agentId": "a8f03e8d1c8d4a2e3",
      "model": "claude-haiku-4-5-20251001",
      "state": "done",
      "startedAt": 1791245874550,
      "queuedAt": 1791245874535,
      "attempt": 1,
      "lastToolName": "StructuredOutput",
      "promptPreview": "You are a search worker for a directory of pottery firings that the public can join in California.\nDo NOT read any files in the local repository. Work only from the web.\nLoad the WebSearch tool with ToolSearch (\"select:WebSearch\") and run EACH of these searches with the mode shown in brackets. Extended mode matters: it finds places standard mode never shows. Run every one; do not skip any.\n1. salt…",
      "promptFramed": true,
      "lastProgressAt": 1791246143716,
      "tokens": 54175,
      "toolCalls": 10,
      "durationMs": 268367,
      "resultPreview": "{\"queries\":[{\"q\":\"salt firing community firing California\",\"n_results\":9,\"kept\":[]},{\"q\":\"salt firing private firing California\",\"n_results\":9,\"kept\":[]},{\"q\":\"salt firing by appointment California\",\"n_results\":10,\"kept\":[{\"url\":\"https://amoca.org/studio1/workshops\",\"org\":\"AMOCA (American Museum of Ceramic Art)\",\"city\":\"Pomona\",\"why\":\"Museum offering hands-on ceramic workshops including salt firin…"
    },
    {
      "type": "workflow_agent",
      "index": 6,
      "label": "search 6/19",
      "phaseIndex": 1,
      "phaseTitle": "Search",
      "agentId": "a19c7508ea0894ed1",
      "model": "claude-haiku-4-5-20251001",
      "state": "done",
      "startedAt": 1791245874551,
      "queuedAt": 1791245874535,
      "attempt": 1,
      "lastToolName": "StructuredOutput",
      "promptPreview": "You are a search worker for a directory of pottery firings that the public can join in California.\nDo NOT read any files in the local repository. Work only from the web.\nLoad the WebSearch tool with ToolSearch (\"select:WebSearch\") and run EACH of these searches with the mode shown in brackets. Extended mode matters: it finds places standard mode never shows. Run every one; do not skip any.\n1. obva…",
      "promptFramed": true,
      "lastProgressAt": 1791246161350,
      "tokens": 57174,
      "toolCalls": 10,
      "durationMs": 286001,
      "resultPreview": "{\"queries\":[{\"q\":\"obvara workshop California\",\"n_results\":10,\"kept\":[{\"url\":\"https://www.clayroomsf.com/workshop\",\"org\":\"Clay Room SF\",\"city\":\"San Francisco\",\"why\":\"Workshop directory for obvara and other pottery techniques\"},{\"url\":\"https://higherfirestudios.com/event/obvara-firing-workshop-i/\",\"org\":\"Higher Fire Studios\",\"city\":\"San Jose\",\"why\":\"Obvara firing workshop, morning session\"},{\"url\":\"…"
    },
    {
      "type": "workflow_agent",
      "index": 7,
      "label": "search 7/19",
      "phaseIndex": 1,
      "phaseTitle": "Search",
      "agentId": "a1cc829f19c52acf8",
      "model": "claude-haiku-4-5-20251001",
      "state": "done",
      "startedAt": 1791245874551,
      "queuedAt": 1791245874535,
      "attempt": 1,
      "lastToolName": "StructuredOutput",
      "promptPreview": "You are a search worker for a directory of pottery firings that the public can join in California.\nDo NOT read any files in the local repository. Work only from the web.\nLoad the WebSearch tool with ToolSearch (\"select:WebSearch\") and run EACH of these searches with the mode shown in brackets. Extended mode matters: it finds places standard mode never shows. Run every one; do not skip any.\n1. hors…",
      "promptFramed": true,
      "lastProgressAt": 1791246161348,
      "tokens": 53612,
      "toolCalls": 10,
      "durationMs": 285999,
      "resultPreview": "{\"queries\":[{\"q\":\"horsehair raku private firing California\",\"n_results\":0,\"kept\":[]},{\"q\":\"horsehair raku by appointment California\",\"n_results\":9,\"kept\":[{\"url\":\"https://www.airbnb.com/experiences/888232\",\"org\":\"El Coyote Pottery\",\"city\":\"Joshua Tree\",\"why\":\"Horsehair raku experience by appointment with resident potter mentored by Brad Bachmeier\"},{\"url\":\"https://www.clayartcenter.org/artist-work…"
    },
    {
      "type": "workflow_agent",
      "index": 8,
      "label": "search 8/19",
      "phaseIndex": 1,
      "phaseTitle": "Search",
      "agentId": "a99a8fe02e8ffc72e",
      "model": "claude-haiku-4-5-20251001",
      "state": "done",
      "startedAt": 1791245874552,
      "queuedAt": 1791245874535,
      "attempt": 1,
      "lastToolName": "StructuredOutput",
      "promptPreview": "You are a search worker for a directory of pottery firings that the public can join in California.\nDo NOT read any files in the local repository. Work only from the web.\nLoad the WebSearch tool with ToolSearch (\"select:WebSearch\") and run EACH of these searches with the mode shown in brackets. Extended mode matters: it finds places standard mode never shows. Run every one; do not skip any.\n1. wood…",
      "promptFramed": true,
      "lastProgressAt": 1791245929941,
      "tokens": 53147,
      "toolCalls": 10,
      "durationMs": 54591,
      "resultPreview": "{\"queries\":[{\"q\":\"wood firing workshop Southern California\",\"n_results\":10,\"kept\":[{\"url\":\"https://www.commonclayspace.com/store/p/woodfire2026\",\"org\":\"Common Clay Space\",\"city\":\"Cupertino\",\"why\":\"Fall Wood Firing Workshop - active pottery workshop offering wood-fired ceramics classes\"},{\"url\":\"https://www.rubysclaystudio.org/workshops\",\"org\":\"Ruby's Clay Studio & Gallery\",\"city\":\"San Francisco ar…"
    },
    {
      "type": "workflow_agent",
      "index": 9,
      "label": "search 9/19",
      "phaseIndex": 1,
      "phaseTitle": "Search",
      "agentId": "ac3323f29c257bc17",
      "model": "claude-haiku-4-5-20251001",
      "state": "done",
      "startedAt": 1791245920672,
      "queuedAt": 1791245874535,
      "attempt": 1,
      "lastToolName": "StructuredOutput",
      "promptPreview": "You are a search worker for a directory of pottery firings that the public can join in California.\nDo NOT read any files in the local repository. Work only from the web.\nLoad the WebSearch tool with ToolSearch (\"select:WebSearch\") and run EACH of these searches with the mode shown in brackets. Extended mode matters: it finds places standard mode never shows. Run every one; do not skip any.\n1. anag…",
      "promptFramed": true,
      "lastProgressAt": 1791246192770,
      "tokens": 52570,
      "toolCalls": 10,
      "durationMs": 272097,
      "resultPreview": "{\"queries\":[{\"q\":\"anagama workshop Bay Area\",\"n_results\":9,\"kept\":[{\"url\":\"https://www.siue.edu/arts-and-sciences/art/studios-and-disciplines/ceramics-and-glass/the-anagama-project.shtml\",\"org\":\"Southern Illinois University Edwardsville\",\"why\":\"Anagama kiln studio and project—firing type relevant to search\"},{\"url\":\"https://petersvalley.org/workshops/anagama-fire-form-material-and-the-art-of-embra…"
    },
    {
      "type": "workflow_agent",
      "index": 10,
      "label": "search 10/19",
      "phaseIndex": 1,
      "phaseTitle": "Search",
      "agentId": "a3177ba545e7f444e",
      "model": "claude-haiku-4-5-20251001",
      "state": "done",
      "startedAt": 1791245928318,
      "queuedAt": 1791245874535,
      "attempt": 1,
      "lastToolName": "StructuredOutput",
      "promptPreview": "You are a search worker for a directory of pottery firings that the public can join in California.\nDo NOT read any files in the local repository. Work only from the web.\nLoad the WebSearch tool with ToolSearch (\"select:WebSearch\") and run EACH of these searches with the mode shown in brackets. Extended mode matters: it finds places standard mode never shows. Run every one; do not skip any.\n1. wood…",
      "promptFramed": true,
      "lastProgressAt": 1791246261740,
      "tokens": 54217,
      "toolCalls": 13,
      "durationMs": 333421,
      "resultPreview": "{\"queries\":[{\"q\":\"wood firing workshop San Francisco\",\"n_results\":9,\"kept\":[{\"url\":\"https://laney.edu/art/workshops-and-events/\",\"org\":\"Laney College\",\"city\":\"Oakland\",\"why\":\"Offers 12-week wood firing ceramics workshop; intermediate level; loads kiln, fires as team\"},{\"url\":\"https://academycenter.org/event/wood-fire-workshop-two-weekends-4-2/\",\"org\":\"Academy Center\",\"city\":\"San Francisco\",\"why\":\"…"
    },
    {
      "type": "workflow_agent",
      "index": 11,
      "label": "search 11/19",
      "phaseIndex": 1,
      "phaseTitle": "Search",
      "agentId": "ab6ba64d028d9dc7d",
      "model": "claude-haiku-4-5-20251001",
      "state": "done",
      "startedAt": 1791245931956,
      "queuedAt": 1791245874535,
      "attempt": 1,
      "lastToolName": "StructuredOutput",
      "promptPreview": "You are a search worker for a directory of pottery firings that the public can join in California.\nDo NOT read any files in the local repository. Work only from the web.\nLoad the WebSearch tool with ToolSearch (\"select:WebSearch\") and run EACH of these searches with the mode shown in brackets. Extended mode matters: it finds places standard mode never shows. Run every one; do not skip any.\n1. raku…",
      "promptFramed": true,
      "lastProgressAt": 1791246163982,
      "tokens": 53353,
      "toolCalls": 10,
      "durationMs": 232026,
      "resultPreview": "{\"queries\":[{\"q\":\"raku firing San Diego\",\"n_results\":10,\"kept\":[{\"url\":\"https://icasandiego.org/event/raku-firing-ceramics-course-2025/2024-10-28/\",\"org\":\"ICA (Institute of Contemporary Art) San Diego\",\"why\":\"Offers six-week raku firing course with instruction in firing and reduction techniques\"},{\"url\":\"https://www.weekendnotes.com/pottery-after-dark-sala/\",\"org\":\"SALA / Pottery after Dark\",\"why\"…"
    },
    {
      "type": "workflow_agent",
      "index": 12,
      "label": "search 12/19",
      "phaseIndex": 1,
      "phaseTitle": "Search",
      "agentId": "a25b1b4bcd5611cb3",
      "model": "claude-haiku-4-5-20251001",
      "state": "done",
      "startedAt": 1791246146764,
      "queuedAt": 1791245874535,
      "attempt": 1,
      "lastToolName": "StructuredOutput",
      "promptPreview": "You are a search worker for a directory of pottery firings that the public can join in California.\nDo NOT read any files in the local repository. Work only from the web.\nLoad the WebSearch tool with ToolSearch (\"select:WebSearch\") and run EACH of these searches with the mode shown in brackets. Extended mode matters: it finds places standard mode never shows. Run every one; do not skip any.\n1. soda…",
      "promptFramed": true,
      "lastProgressAt": 1791246264050,
      "tokens": 53170,
      "toolCalls": 10,
      "durationMs": 117285,
      "resultPreview": "{\"queries\":[{\"q\":\"soda kiln firing Sacramento\",\"n_results\":9,\"kept\":[{\"url\":\"https://www.csus.edu/college/arts-letters/art/_internal/_documents/arts-safety/kiln_faq.pdf\",\"org\":\"California State University Sacramento (CSUS)\",\"why\":\"Sacramento State art program operates kilns; FAQ document indicates firing facilities available\",\"city\":\"Sacramento\"}]},{\"q\":\"pit firing pottery Sacramento\",\"n_results\":…"
    },
    {
      "type": "workflow_agent",
      "index": 13,
      "label": "search 13/19",
      "phaseIndex": 1,
      "phaseTitle": "Search",
      "agentId": "a351aa7ce7d55053b",
      "model": "claude-haiku-4-5-20251001",
      "state": "done",
      "startedAt": 1791246149693,
      "queuedAt": 1791245874535,
      "attempt": 1,
      "lastToolName": "StructuredOutput",
      "promptPreview": "You are a search worker for a directory of pottery firings that the public can join in California.\nDo NOT read any files in the local repository. Work only from the web.\nLoad the WebSearch tool with ToolSearch (\"select:WebSearch\") and run EACH of these searches with the mode shown in brackets. Extended mode matters: it finds places standard mode never shows. Run every one; do not skip any.\n1. raku…",
      "promptFramed": true,
      "lastProgressAt": 1791246264404,
      "tokens": 53142,
      "toolCalls": 10,
      "durationMs": 114711,
      "resultPreview": "{\"queries\":[{\"q\":\"raku class Santa Barbara\",\"n_results\":10,\"kept\":[{\"url\":\"https://archives.sbbotanicgarden.org/node/43886\",\"org\":\"Santa Barbara Botanic Garden\",\"why\":\"Raku pottery class offering\",\"city\":\"Santa Barbara\"},{\"url\":\"https://groundworksartlab.coursestorm.com/course/clay-adult-level-ii-specialty-raku-sat-june-27-aug-15-335-pro-rated-7wk-class-main\",\"org\":\"Groundworks Art Lab\",\"why\":\"Spe…"
    },
    {
      "type": "workflow_agent",
      "index": 14,
      "label": "search 14/19",
      "phaseIndex": 1,
      "phaseTitle": "Search",
      "agentId": "a623781c15fb48ab1",
      "model": "claude-haiku-4-5-20251001",
      "state": "done",
      "startedAt": 1791246163808,
      "queuedAt": 1791245874535,
      "attempt": 1,
      "lastToolName": "StructuredOutput",
      "promptPreview": "You are a search worker for a directory of pottery firings that the public can join in California.\nDo NOT read any files in the local repository. Work only from the web.\nLoad the WebSearch tool with ToolSearch (\"select:WebSearch\") and run EACH of these searches with the mode shown in brackets. Extended mode matters: it finds places standard mode never shows. Run every one; do not skip any.\n1. pit …",
      "promptFramed": true,
      "lastProgressAt": 1791246265465,
      "tokens": 52937,
      "toolCalls": 10,
      "durationMs": 101656,
      "resultPreview": "{\"queries\":[{\"q\":\"pit firing pottery Fresno\",\"n_results\":10,\"kept\":[{\"url\":\"https://www.sfwomenartists.org/?p=32112\",\"org\":\"SF Women Artists\",\"why\":\"Bay Area pottery artist discussion of pit firing technique, California-based\",\"city\":\"Bay Area\"}]},{\"q\":\"raku firing Santa Cruz\",\"n_results\":10,\"kept\":[{\"url\":\"https://www.viewarts.org/experience/pottery/raku-firing\",\"org\":\"View Arts\",\"why\":\"Pottery r…"
    },
    {
      "type": "workflow_agent",
      "index": 15,
      "label": "search 15/19",
      "phaseIndex": 1,
      "phaseTitle": "Search",
      "agentId": "a592f9f03d2548c49",
      "model": "claude-haiku-4-5-20251001",
      "state": "done",
      "startedAt": 1791246163965,
      "queuedAt": 1791245874535,
      "attempt": 1,
      "lastToolName": "StructuredOutput",
      "promptPreview": "You are a search worker for a directory of pottery firings that the public can join in California.\nDo NOT read any files in the local repository. Work only from the web.\nLoad the WebSearch tool with ToolSearch (\"select:WebSearch\") and run EACH of these searches with the mode shown in brackets. Extended mode matters: it finds places standard mode never shows. Run every one; do not skip any.\n1. wood…",
      "promptFramed": true,
      "lastProgressAt": 1791246206648,
      "tokens": 53688,
      "toolCalls": 10,
      "durationMs": 42683,
      "resultPreview": "{\"queries\":[{\"q\":\"wood firing workshop Mendocino\",\"n_results\":10,\"kept\":[{\"url\":\"https://www.mendocinoartcenter.org/\",\"org\":\"Mendocino Art Center\",\"why\":\"Primary venue offering multiple wood-firing workshops (Katie Applebaum, Bruce DeHnert, Antra Sinha train kiln firing) with catenary arch kiln and wood-soda kiln\"},{\"url\":\"https://www.mendocinoartcenter.org/workshops/p/safe-stokes-w-katie-applebau…"
    },
    {
      "type": "workflow_agent",
      "index": 16,
      "label": "search 16/19",
      "phaseIndex": 1,
      "phaseTitle": "Search",
      "agentId": "a2259ca41554637db",
      "model": "claude-haiku-4-5-20251001",
      "state": "done",
      "startedAt": 1791246166444,
      "queuedAt": 1791245874535,
      "attempt": 1,
      "lastToolName": "StructuredOutput",
      "promptPreview": "You are a search worker for a directory of pottery firings that the public can join in California.\nDo NOT read any files in the local repository. Work only from the web.\nLoad the WebSearch tool with ToolSearch (\"select:WebSearch\") and run EACH of these searches with the mode shown in brackets. Extended mode matters: it finds places standard mode never shows. Run every one; do not skip any.\n1. raku…",
      "promptFramed": true,
      "lastProgressAt": 1791246261739,
      "tokens": 51297,
      "toolCalls": 10,
      "durationMs": 95288,
      "resultPreview": "{\"queries\":[{\"q\":\"raku firing Northern California\",\"n_results\":10,\"kept\":[{\"url\":\"https://patch.com/california/sonomavalley/calendar/event/20260110/57fa6f73-5a41-4e0a-a749-2f892bfdbe37/intro-to-raku\",\"org\":\"Sonoma Community Center\",\"city\":\"Sonoma\",\"why\":\"Intro to Raku class, hands-on firing technique instruction, Saturdays January 10-31, 2026\"},{\"url\":\"https://www.active.com/manhattan-beach-ca/cla…"
    },
    {
      "type": "workflow_agent",
      "index": 17,
      "label": "search 17/19",
      "phaseIndex": 1,
      "phaseTitle": "Search",
      "agentId": "ab1299822412d7295",
      "model": "claude-haiku-4-5-20251001",
      "state": "done",
      "startedAt": 1791246175317,
      "queuedAt": 1791245874535,
      "attempt": 1,
      "lastToolName": "StructuredOutput",
      "promptPreview": "You are a search worker for a directory of pottery firings that the public can join in California.\nDo NOT read any files in the local repository. Work only from the web.\nLoad the WebSearch tool with ToolSearch (\"select:WebSearch\") and run EACH of these searches with the mode shown in brackets. Extended mode matters: it finds places standard mode never shows. Run every one; do not skip any.\n1. soda…",
      "promptFramed": true,
      "lastProgressAt": 1791246263367,
      "tokens": 53332,
      "toolCalls": 10,
      "durationMs": 88050,
      "resultPreview": "{\"queries\":[{\"q\":\"soda kiln firing Southern California\",\"n_results\":9,\"kept\":[{\"url\":\"https://patch.com/california/sonomavalley/calendar/event/20260124/fb0c651a-b5ae-48d8-8f46-4634b451bcbf/intro-to-mid-range-soda-fire-workshop\",\"org\":\"Sonoma Community Center / Sonoma Valley pottery\",\"city\":\"Sonoma\",\"why\":\"Workshop offering hands-on soda firing training - place to participate in soda firing\"},{\"url…"
    },
    {
      "type": "workflow_agent",
      "index": 18,
      "label": "search 18/19",
      "phaseIndex": 1,
      "phaseTitle": "Search",
      "agentId": "aec65d487e7830c8d",
      "model": "claude-haiku-4-5-20251001",
      "state": "done",
      "startedAt": 1791246195121,
      "queuedAt": 1791245874535,
      "attempt": 1,
      "lastToolName": "StructuredOutput",
      "promptPreview": "You are a search worker for a directory of pottery firings that the public can join in California.\nDo NOT read any files in the local repository. Work only from the web.\nLoad the WebSearch tool with ToolSearch (\"select:WebSearch\") and run EACH of these searches with the mode shown in brackets. Extended mode matters: it finds places standard mode never shows. Run every one; do not skip any.\n1. cera…",
      "promptFramed": true,
      "lastProgressAt": 1791246287926,
      "tokens": 53207,
      "toolCalls": 10,
      "durationMs": 92804,
      "resultPreview": "{\"queries\":[{\"q\":\"ceramic supply raku night California\",\"n_results\":10,\"kept\":[{\"url\":\"https://coursehorse.com/los-angeles/classes/art/pottery/ceramics/raku-workshop\",\"org\":\"Claytivity Pottery Studio / CourseHorse\",\"city\":\"Los Angeles\",\"why\":\"Night Raku Firing workshop class, active public raku firing event in LA\"}]},{\"q\":\"potters guild wood firing California\",\"n_results\":10,\"kept\":[{\"url\":\"https:…"
    },
    {
      "type": "workflow_agent",
      "index": 19,
      "label": "search 19/19",
      "phaseIndex": 1,
      "phaseTitle": "Search",
      "agentId": "a2a84df2dc86dfa0d",
      "model": "claude-haiku-4-5-20251001",
      "state": "done",
      "startedAt": 1791246263923,
      "queuedAt": 1791245874535,
      "attempt": 1,
      "lastToolName": "StructuredOutput",
      "promptPreview": "You are a search worker for a directory of pottery firings that the public can join in California.\nDo NOT read any files in the local repository. Work only from the web.\nLoad the WebSearch tool with ToolSearch (\"select:WebSearch\") and run EACH of these searches with the mode shown in brackets. Extended mode matters: it finds places standard mode never shows. Run every one; do not skip any.\n1. cera…",
      "promptFramed": true,
      "lastProgressAt": 1791246354101,
      "tokens": 52472,
      "toolCalls": 9,
      "durationMs": 90178,
      "resultPreview": "{\"queries\":[{\"q\":\"ceramics residency wood kiln California\",\"n_results\":9,\"kept\":[{\"url\":\"https://www.mendocinoartcenter.org/ceramic-residency\",\"org\":\"Mendocino Art Center\",\"city\":\"Mendocino\",\"why\":\"8-month ceramics residency with access to wood-fired train kiln and wood-soda kiln\"},{\"url\":\"https://ceramicartsnetwork.org/ceramics-monthly/ceramics-monthly-article/2026-residencies-and-fellowships\",\"o…"
    },
    {
      "type": "workflow_agent",
      "index": 20,
      "label": "retry 1/2",
      "phaseIndex": 1,
      "phaseTitle": "Search",
      "agentId": "a0b344627d5dea12b",
      "model": "claude-haiku-4-5-20251001",
      "state": "done",
      "startedAt": 1791246356654,
      "queuedAt": 1791246356650,
      "attempt": 1,
      "lastToolName": "StructuredOutput",
      "promptPreview": "You are a search worker for a directory of pottery firings that the public can join in California.\nDo NOT read any files in the local repository. Work only from the web.\nLoad the WebSearch tool with ToolSearch (\"select:WebSearch\") and run EACH of these searches with the mode shown in brackets. Extended mode matters: it finds places standard mode never shows. Run every one; do not skip any.\n1. soda…",
      "promptFramed": true,
      "lastProgressAt": 1791246420572,
      "tokens": 54094,
      "toolCalls": 10,
      "durationMs": 63915,
      "resultPreview": "{\"queries\":[{\"q\":\"soda firing workshop California\",\"n_results\":9,\"kept\":[{\"url\":\"https://www.sebarts.org/classeslectures/p/ceramics-soda-firing-with-wood-workshop\",\"org\":\"Sebastopol Center For the Arts\",\"city\":\"Sebastopol\",\"why\":\"Soda firing with wood workshop in California\"},{\"url\":\"https://events.humanitix.com/skill-building-workshop-soda-firing-w-haley-tessler\",\"org\":\"AMOCA (American Museum of …"
    },
    {
      "type": "workflow_agent",
      "index": 21,
      "label": "retry 2/2",
      "phaseIndex": 1,
      "phaseTitle": "Search",
      "agentId": "aeeac66f622676a09",
      "model": "claude-haiku-4-5-20251001",
      "state": "done",
      "startedAt": 1791246356657,
      "queuedAt": 1791246356650,
      "attempt": 1,
      "lastToolName": "StructuredOutput",
      "promptPreview": "You are a search worker for a directory of pottery firings that the public can join in California.\nDo NOT read any files in the local repository. Work only from the web.\nLoad the WebSearch tool with ToolSearch (\"select:WebSearch\") and run EACH of these searches with the mode shown in brackets. Extended mode matters: it finds places standard mode never shows. Run every one; do not skip any.\n1. raku…",
      "promptFramed": true,
      "lastProgressAt": 1791246420041,
      "tokens": 48355,
      "toolCalls": 4,
      "durationMs": 63383,
      "resultPreview": "{\"queries\":[{\"q\":\"raku class Southern California\",\"n_results\":10,\"kept\":[{\"url\":\"https://archives.sbbotanicgarden.org/node/43886\",\"org\":\"Santa Barbara Botanic Garden\",\"why\":\"Raku pottery class offering\"},{\"url\":\"https://icasandiego.org/event/raku-firing-ceramics-course-2025/2024-10-28/\",\"org\":\"ICA San Diego\",\"why\":\"Raku firing ceramics course, taught by Suzanne Lussiere\"},{\"url\":\"https://www.activ…"
    },
    {
      "type": "workflow_agent",
      "index": 22,
      "label": "check r1 1/65",
      "phaseIndex": 2,
      "phaseTitle": "Check",
      "agentId": "a2c9fd95133c0ef22",
      "model": "claude-sonnet-5-5",
      "state": "done",
      "startedAt": 1791246422899,
      "queuedAt": 1791246422875,
      "attempt": 1,
      "lastToolName": "StructuredOutput",
      "promptPreview": "You check candidate places for a directory of joinable pottery firings in California.\nDo NOT read any files in the local repository. Work only from the web.\nTools (budget: at most 4 WebSearch calls per candidate; prefer WebFetch/curl of the place's own pages): load WebFetch and WebSearch with ToolSearch (\"select:WebFetch,WebSearch\"). If a page is empty or JavaScript-heavy (Wix, Squarespace), fetch…",
      "promptFramed": true,
      "lastProgressAt": 1791246527098,
      "tokens": 71889,
      "toolCalls": 12,
      "durationMs": 104193,
      "resultPreview": "{\"places\":[{\"key\":\"studiochannelislands.org\",\"decision\":\"qualifies\",\"org\":\"Studio Channel Islands\",\"city\":\"Camarillo\",\"state\":\"CA\",\"website\":\"https://studiochannelislands.org\",\"access_kind\":\"enrollment\",\"confidence\":0.6,\"firing_types\":[\"raku\"],\"evidence_quote\":\"Register for Saturdays or Sundays\",\"evidence_url\":\"https://studiochannelislands.org/events/raku-classes/\",\"dated\":[{\"title\":\"Raku Workshop…"
    },
    {
      "type": "workflow_agent",
      "index": 23,
      "label": "check r1 2/65",
      "phaseIndex": 2,
      "phaseTitle": "Check",
      "agentId": "a6b8a7d980db83586",
      "model": "claude-sonnet-5-5",
      "state": "done",
      "startedAt": 1791246422900,
      "queuedAt": 1791246422875,
      "attempt": 1,
      "lastToolName": "StructuredOutput",
      "promptPreview": "You check candidate places for a directory of joinable pottery firings in California.\nDo NOT read any files in the local repository. Work only from the web.\nTools (budget: at most 4 WebSearch calls per candidate; prefer WebFetch/curl of the place's own pages): load WebFetch and WebSearch with ToolSearch (\"select:WebFetch,WebSearch\"). If a page is empty or JavaScript-heavy (Wix, Squarespace), fetch…",
      "promptFramed": true,
      "lastProgressAt": 1791246529257,
      "tokens": 80769,
      "toolCalls": 11,
      "durationMs": 103661,
      "resultPreview": "{\"places\":[{\"key\":\"org:coursehorse\",\"decision\":\"list_page\",\"org\":\"CourseHorse\",\"reason\":\"CourseHorse is a class-booking marketplace, not a place. Its raku and pit-firing listings name two LA providers, Claytivity Pottery Studio (Night Raku Firing) and Element Art Center (Beach Pit Firing). Both listings were Sold Out with no dates shown when read. Pages 2 of the ceramics and pottery listings only …"
    },
    {
      "type": "workflow_agent",
      "index": 24,
      "label": "check r1 3/65",
      "phaseIndex": 2,
      "phaseTitle": "Check",
      "agentId": "acc2d869a0013e56a",
      "model": "claude-sonnet-5-5",
      "state": "done",
      "startedAt": 1791246422901,
      "queuedAt": 1791246422875,
      "attempt": 1,
      "lastToolName": "StructuredOutput",
      "promptPreview": "You check candidate places for a directory of joinable pottery firings in California.\nDo NOT read any files in the local repository. Work only from the web.\nTools (budget: at most 4 WebSearch calls per candidate; prefer WebFetch/curl of the place's own pages): load WebFetch and WebSearch with ToolSearch (\"select:WebFetch,WebSearch\"). If a page is empty or JavaScript-heavy (Wix, Squarespace), fetch…",
      "promptFramed": true,
      "lastProgressAt": 1791246537601,
      "tokens": 74675,
      "toolCalls": 8,
      "durationMs": 112005,
      "resultPreview": "{\"places\":[{\"key\":\"claybythebaysf.com\",\"decision\":\"reject\",\"org\":\"Clay By The Bay\",\"city\":\"San Francisco\",\"state\":\"CA\",\"reason\":\"Clay By The Bay's site and shop could not be reached (all fetches failed). Hoodline reports the Beach St studio shut abruptly in July 2026 after an eviction filing. The article says nothing about reopening, relocating or raku, so there is no operating place offering raku…"
    },
    {
      "type": "workflow_agent",
      "index": 25,
      "label": "check r1 4/65",
      "phaseIndex": 2,
      "phaseTitle": "Check",
      "agentId": "ae597f8b565b67b7e",
      "model": "claude-sonnet-5-5",
      "state": "done",
      "startedAt": 1791246422901,
      "queuedAt": 1791246422875,
      "attempt": 1,
      "lastToolName": "StructuredOutput",
      "promptPreview": "You check candidate places for a directory of joinable pottery firings in California.\nDo NOT read any files in the local repository. Work only from the web.\nTools (budget: at most 4 WebSearch calls per candidate; prefer WebFetch/curl of the place's own pages): load WebFetch and WebSearch with ToolSearch (\"select:WebFetch,WebSearch\"). If a page is empty or JavaScript-heavy (Wix, Squarespace), fetch…",
      "promptFramed": true,
      "lastProgressAt": 1791246531781,
      "tokens": 87218,
      "toolCalls": 9,
      "durationMs": 106184,
      "resultPreview": "{\"places\":[{\"key\":\"acga.net\",\"decision\":\"list_page\",\"org\":\"ACGA (Association of Clay and Glass Artists of California)\",\"reason\":\"Directory of California classes and studios, not a place itself. Names a few places that mention raku, pit or alternative firing workshops.\",\"named_places\":[{\"org\":\"Mendocino Art Center\",\"city\":\"Mendocino\",\"url\":\"https://acga.net/classes/\",\"why\":\"Two-day workshops have i…"
    },
    {
      "type": "workflow_agent",
      "index": 26,
      "label": "check r1 5/65",
      "phaseIndex": 2,
      "phaseTitle": "Check",
      "agentId": "a9ae4855347f36d74",
      "model": "claude-sonnet-5-5",
      "state": "done",
      "startedAt": 1791246422902,
      "queuedAt": 1791246422876,
      "attempt": 1,
      "lastToolName": "StructuredOutput",
      "promptPreview": "You check candidate places for a directory of joinable pottery firings in California.\nDo NOT read any files in the local repository. Work only from the web.\nTools (budget: at most 4 WebSearch calls per candidate; prefer WebFetch/curl of the place's own pages): load WebFetch and WebSearch with ToolSearch (\"select:WebFetch,WebSearch\"). If a page is empty or JavaScript-heavy (Wix, Squarespace), fetch…",
      "promptFramed": true,
      "lastProgressAt": 1791246526796,
      "tokens": 75528,
      "toolCalls": 7,
      "durationMs": 101199,
      "resultPreview": "{\"places\":[{\"key\":\"watervillecreates.org\",\"decision\":\"reject\",\"org\":\"Waterville Creates\",\"reason\":\"Waterville Creates is at the Paul J. Schupf Art Center, 93 Main Street, Waterville, Maine, not California. The raku workshops are real, but the place is outside scope.\",\"named_places\":[],\"state\":\"ME\",\"city\":\"Waterville\",\"website\":\"https://www.watervillecreates.org/clay-studio/\",\"evidence_url\":\"https:…"
    },
    {
      "type": "workflow_agent",
      "index": 27,
      "label": "check r1 6/65",
      "phaseIndex": 2,
      "phaseTitle": "Check",
      "agentId": "aceca9fbecece8072",
      "model": "claude-sonnet-5-5",
      "state": "error",
      "startedAt": 1791246422903,
      "queuedAt": 1791246422876,
      "attempt": 1,
      "lastToolName": "Bash",
      "lastToolSummary": "cd /tmp; for u in https://www.makerhousesb.org/studio-facil…",
      "promptPreview": "You check candidate places for a directory of joinable pottery firings in California.\nDo NOT read any files in the local repository. Work only from the web.\nTools (budget: at most 4 WebSearch calls per candidate; prefer WebFetch/curl of the place's own pages): load WebFetch and WebSearch with ToolSearch (\"select:WebFetch,WebSearch\"). If a page is empty or JavaScript-heavy (Wix, Squarespace), fetch…",
      "promptFramed": true,
      "lastProgressAt": 1791246544194,
      "error": "You've hit your session limit · resets 9:20pm (America/Los_Angeles)",
      "tokens": 91351,
      "toolCalls": 11,
      "durationMs": 118596
    },
    {
      "type": "workflow_agent",
      "index": 28,
      "label": "check r1 7/65",
      "phaseIndex": 2,
      "phaseTitle": "Check",
      "agentId": "a44349d5808ebab00",
      "model": "claude-sonnet-5-5",
      "state": "done",
      "startedAt": 1791246422904,
      "queuedAt": 1791246422876,
      "attempt": 1,
      "lastToolName": "StructuredOutput",
      "promptPreview": "You check candidate places for a directory of joinable pottery firings in California.\nDo NOT read any files in the local repository. Work only from the web.\nTools (budget: at most 4 WebSearch calls per candidate; prefer WebFetch/curl of the place's own pages): load WebFetch and WebSearch with ToolSearch (\"select:WebFetch,WebSearch\"). If a page is empty or JavaScript-heavy (Wix, Squarespace), fetch…",
      "promptFramed": true,
      "lastProgressAt": 1791246518275,
      "tokens": 72780,
      "toolCalls": 9,
      "durationMs": 92677,
      "resultPreview": "{\"places\":[{\"key\":\"org:mill valley potter s studio\",\"decision\":\"qualifies\",\"org\":\"Mill Valley Potter's Studio\",\"city\":\"Mill Valley\",\"state\":\"CA\",\"website\":\"https://www.millvalleypottersstudio.com\",\"access_kind\":\"mixed\",\"confidence\":0.6,\"firing_types\":[\"raku\",\"pit\"],\"evidence_quote\":\"The purpose of this gallery is to share valuable information and insights about raku glazes, slips, and techniques t…"
    },
    {
      "type": "workflow_agent",
      "index": 29,
      "label": "check r1 8/65",
      "phaseIndex": 2,
      "phaseTitle": "Check",
      "agentId": "ac5e133dd345e9101",
      "model": "claude-sonnet-5-5",
      "state": "done",
      "startedAt": 1791246422904,
      "queuedAt": 1791246422876,
      "attempt": 1,
      "lastToolName": "StructuredOutput",
      "promptPreview": "You check candidate places for a directory of joinable pottery firings in California.\nDo NOT read any files in the local repository. Work only from the web.\nTools (budget: at most 4 WebSearch calls per candidate; prefer WebFetch/curl of the place's own pages): load WebFetch and WebSearch with ToolSearch (\"select:WebFetch,WebSearch\"). If a page is empty or JavaScript-heavy (Wix, Squarespace), fetch…",
      "promptFramed": true,
      "lastProgressAt": 1791246455082,
      "tokens": 74664,
      "toolCalls": 6,
      "durationMs": 29484,
      "resultPreview": "{\"places\":[{\"key\":\"johnbrittpottery.blogspot.com\",\"decision\":\"reject\",\"org\":\"John Britt Pottery (blog post about a Pocosin Arts workshop)\",\"reason\":\"The post documents a 2011 aluminum foil saggar workshop organized by Pocosin Arts (252 area code, North Carolina). It is not in California, it is a past one-off event, and the blog is not a California place.\",\"named_places\":[],\"evidence_quote\":\"Partic…"
    },
    {
      "type": "workflow_agent",
      "index": 30,
      "label": "check r1 9/65",
      "phaseIndex": 2,
      "phaseTitle": "Check",
      "agentId": "a8de861b946b09351",
      "model": "claude-sonnet-5-5",
      "state": "error",
      "startedAt": 1791246457169,
      "queuedAt": 1791246422876,
      "attempt": 1,
      "lastToolName": "WebSearch",
      "lastToolSummary": "Ceramic Arts Daily community forum obvara firing California…",
      "promptPreview": "You check candidate places for a directory of joinable pottery firings in California.\nDo NOT read any files in the local repository. Work only from the web.\nTools (budget: at most 4 WebSearch calls per candidate; prefer WebFetch/curl of the place's own pages): load WebFetch and WebSearch with ToolSearch (\"select:WebFetch,WebSearch\"). If a page is empty or JavaScript-heavy (Wix, Squarespace), fetch…",
      "promptFramed": true,
      "lastProgressAt": 1791246539121,
      "error": "You've hit your session limit · resets 9:20pm (America/Los_Angeles)",
      "tokens": 69911,
      "toolCalls": 5,
      "durationMs": 81951
    },
    {
      "type": "workflow_agent",
      "index": 31,
      "label": "check r1 10/65",
      "phaseIndex": 2,
      "phaseTitle": "Check",
      "agentId": "a8acab81652922b96",
      "model": "claude-sonnet-5-5",
      "state": "error",
      "startedAt": 1791246520393,
      "queuedAt": 1791246422876,
      "attempt": 1,
      "lastToolName": "WebFetch",
      "lastToolSummary": "Where are workshops held (California?) and what firings?",
      "promptPreview": "You check candidate places for a directory of joinable pottery firings in California.\nDo NOT read any files in the local repository. Work only from the web.\nTools (budget: at most 4 WebSearch calls per candidate; prefer WebFetch/curl of the place's own pages): load WebFetch and WebSearch with ToolSearch (\"select:WebFetch,WebSearch\"). If a page is empty or JavaScript-heavy (Wix, Squarespace), fetch…",
      "promptFramed": true,
      "lastProgressAt": 1791246537576,
      "error": "You've hit your session limit · resets 9:20pm (America/Los_Angeles)",
      "tokens": 66516,
      "toolCalls": 7,
      "durationMs": 17182
    },
    {
      "type": "workflow_agent",
      "index": 32,
      "label": "check r1 11/65",
      "phaseIndex": 2,
      "phaseTitle": "Check",
      "agentId": "aec22c09376a2b993",
      "model": "claude-sonnet-5-5",
      "state": "error",
      "startedAt": 1791246528792,
      "queuedAt": 1791246422877,
      "attempt": 1,
      "lastToolName": "Bash",
      "lastToolSummary": "cd /private/tmp/claude-501/-Users-stillwagon-Claude-Project…",
      "promptPreview": "You check candidate places for a directory of joinable pottery firings in California.\nDo NOT read any files in the local repository. Work only from the web.\nTools (budget: at most 4 WebSearch calls per candidate; prefer WebFetch/curl of the place's own pages): load WebFetch and WebSearch with ToolSearch (\"select:WebFetch,WebSearch\"). If a page is empty or JavaScript-heavy (Wix, Squarespace), fetch…",
      "promptFramed": true,
      "lastProgressAt": 1791246536864,
      "error": "You've hit your session limit · resets 9:20pm (America/Los_Angeles)",
      "tokens": 61610,
      "toolCalls": 2,
      "durationMs": 8071
    },
    {
      "type": "workflow_agent",
      "index": 33,
      "label": "check r1 12/65",
      "phaseIndex": 2,
      "phaseTitle": "Check",
      "agentId": "a1d6b7483d916c78c",
      "model": "claude-sonnet-5-5",
      "state": "error",
      "startedAt": 1791246529153,
      "queuedAt": 1791246422877,
      "attempt": 1,
      "lastToolName": "Bash",
      "lastToolSummary": "cd /private/tmp/claude-501/-Users-stillwagon-Claude-Project…",
      "promptPreview": "You check candidate places for a directory of joinable pottery firings in California.\nDo NOT read any files in the local repository. Work only from the web.\nTools (budget: at most 4 WebSearch calls per candidate; prefer WebFetch/curl of the place's own pages): load WebFetch and WebSearch with ToolSearch (\"select:WebFetch,WebSearch\"). If a page is empty or JavaScript-heavy (Wix, Squarespace), fetch…",
      "promptFramed": true,
      "lastProgressAt": 1791246539639,
      "error": "You've hit your session limit · resets 9:20pm (America/Los_Angeles)",
      "tokens": 61541,
      "toolCalls": 2,
      "durationMs": 10486
    },
    {
      "type": "workflow_agent",
      "index": 34,
      "label": "check r1 13/65",
      "phaseIndex": 2,
      "phaseTitle": "Check",
      "agentId": "a4d4df7b9b1487fea",
      "model": "claude-sonnet-5-5",
      "state": "error",
      "startedAt": 1791246532018,
      "queuedAt": 1791246422877,
      "attempt": 1,
      "lastToolName": "Bash",
      "lastToolSummary": "cd /private/tmp/claude-501/-Users-stillwagon-Claude-Project…",
      "promptPreview": "You check candidate places for a directory of joinable pottery firings in California.\nDo NOT read any files in the local repository. Work only from the web.\nTools (budget: at most 4 WebSearch calls per candidate; prefer WebFetch/curl of the place's own pages): load WebFetch and WebSearch with ToolSearch (\"select:WebFetch,WebSearch\"). If a page is empty or JavaScript-heavy (Wix, Squarespace), fetch…",
      "promptFramed": true,
      "lastProgressAt": 1791246540037,
      "error": "You've hit your session limit · resets 9:20pm (America/Los_Angeles)",
      "tokens": 61514,
      "toolCalls": 2,
      "durationMs": 8018
    },
    {
      "type": "workflow_agent",
      "index": 35,
      "label": "check r1 14/65",
      "phaseIndex": 2,
      "phaseTitle": "Check",
      "agentId": "a6df7943bf1cbc98b",
      "model": "claude-sonnet-5-5",
      "state": "error",
      "startedAt": 1791246534144,
      "queuedAt": 1791246422877,
      "attempt": 1,
      "lastToolName": "Bash",
      "lastToolSummary": "cd /tmp; for u in https://tylerparkarts.org/woodkiln-firing…",
      "promptPreview": "You check candidate places for a directory of joinable pottery firings in California.\nDo NOT read any files in the local repository. Work only from the web.\nTools (budget: at most 4 WebSearch calls per candidate; prefer WebFetch/curl of the place's own pages): load WebFetch and WebSearch with ToolSearch (\"select:WebFetch,WebSearch\"). If a page is empty or JavaScript-heavy (Wix, Squarespace), fetch…",
      "promptFramed": true,
      "lastProgressAt": 1791246541418,
      "error": "You've hit your session limit · resets 9:20pm (America/Los_Angeles)",
      "tokens": 61659,
      "toolCalls": 2,
      "durationMs": 7274
    },
    {
      "type": "workflow_agent",
      "index": 36,
      "label": "check r1 15/65",
      "phaseIndex": 2,
      "phaseTitle": "Check",
      "agentId": "ad7aec9d2c97ba329",
      "model": "claude-sonnet-5-5",
      "state": "error",
      "startedAt": 1791246536868,
      "queuedAt": 1791246422877,
      "attempt": 1,
      "promptPreview": "You check candidate places for a directory of joinable pottery firings in California.\nDo NOT read any files in the local repository. Work only from the web.\nTools (budget: at most 4 WebSearch calls per candidate; prefer WebFetch/curl of the place's own pages): load WebFetch and WebSearch with ToolSearch (\"select:WebFetch,WebSearch\"). If a page is empty or JavaScript-heavy (Wix, Squarespace), fetch…",
      "promptFramed": true,
      "lastProgressAt": 1791246537594,
      "error": "You've hit your session limit · resets 9:20pm (America/Los_Angeles)",
      "tokens": 0,
      "toolCalls": 0,
      "durationMs": 725
    },
    {
      "type": "workflow_agent",
      "index": 37,
      "label": "check r1 16/65",
      "phaseIndex": 2,
      "phaseTitle": "Check",
      "agentId": "a7be4e51a35d71bd3",
      "model": "claude-sonnet-5-5",
      "state": "error",
      "startedAt": 1791246537579,
      "queuedAt": 1791246422877,
      "attempt": 1,
      "promptPreview": "You check candidate places for a directory of joinable pottery firings in California.\nDo NOT read any files in the local repository. Work only from the web.\nTools (budget: at most 4 WebSearch calls per candidate; prefer WebFetch/curl of the place's own pages): load WebFetch and WebSearch with ToolSearch (\"select:WebFetch,WebSearch\"). If a page is empty or JavaScript-heavy (Wix, Squarespace), fetch…",
      "promptFramed": true,
      "lastProgressAt": 1791246538387,
      "error": "You've hit your session limit · resets 9:20pm (America/Los_Angeles)",
      "tokens": 0,
      "toolCalls": 0,
      "durationMs": 808
    },
    {
      "type": "workflow_agent",
      "index": 38,
      "label": "check r1 17/65",
      "phaseIndex": 2,
      "phaseTitle": "Check",
      "agentId": "aec050b120539878f",
      "model": "claude-sonnet-5-5",
      "state": "error",
      "startedAt": 1791246537595,
      "queuedAt": 1791246422877,
      "attempt": 1,
      "promptPreview": "You check candidate places for a directory of joinable pottery firings in California.\nDo NOT read any files in the local repository. Work only from the web.\nTools (budget: at most 4 WebSearch calls per candidate; prefer WebFetch/curl of the place's own pages): load WebFetch and WebSearch with ToolSearch (\"select:WebFetch,WebSearch\"). If a page is empty or JavaScript-heavy (Wix, Squarespace), fetch…",
      "promptFramed": true,
      "lastProgressAt": 1791246538400,
      "error": "You've hit your session limit · resets 9:20pm (America/Los_Angeles)",
      "tokens": 0,
      "toolCalls": 0,
      "durationMs": 805
    },
    {
      "type": "workflow_agent",
      "index": 39,
      "label": "check r1 18/65",
      "phaseIndex": 2,
      "phaseTitle": "Check",
      "agentId": "af14c927b1d336729",
      "model": "claude-sonnet-5-5",
      "state": "error",
      "startedAt": 1791246538389,
      "queuedAt": 1791246422878,
      "attempt": 1,
      "promptPreview": "You check candidate places for a directory of joinable pottery firings in California.\nDo NOT read any files in the local repository. Work only from the web.\nTools (budget: at most 4 WebSearch calls per candidate; prefer WebFetch/curl of the place's own pages): load WebFetch and WebSearch with ToolSearch (\"select:WebFetch,WebSearch\"). If a page is empty or JavaScript-heavy (Wix, Squarespace), fetch…",
      "promptFramed": true,
      "lastProgressAt": 1791246539015,
      "error": "You've hit your session limit · resets 9:20pm (America/Los_Angeles)",
      "tokens": 0,
      "toolCalls": 0,
      "durationMs": 625
    },
    {
      "type": "workflow_agent",
      "index": 40,
      "label": "check r1 19/65",
      "phaseIndex": 2,
      "phaseTitle": "Check",
      "agentId": "a87fdc5d365cc1f71",
      "model": "claude-sonnet-5-5",
      "state": "error",
      "startedAt": 1791246538401,
      "queuedAt": 1791246422878,
      "attempt": 1,
      "promptPreview": "You check candidate places for a directory of joinable pottery firings in California.\nDo NOT read any files in the local repository. Work only from the web.\nTools (budget: at most 4 WebSearch calls per candidate; prefer WebFetch/curl of the place's own pages): load WebFetch and WebSearch with ToolSearch (\"select:WebFetch,WebSearch\"). If a page is empty or JavaScript-heavy (Wix, Squarespace), fetch…",
      "promptFramed": true,
      "lastProgressAt": 1791246539104,
      "error": "You've hit your session limit · resets 9:20pm (America/Los_Angeles)",
      "tokens": 0,
      "toolCalls": 0,
      "durationMs": 703
    },
    {
      "type": "workflow_agent",
      "index": 41,
      "label": "check r1 20/65",
      "phaseIndex": 2,
      "phaseTitle": "Check",
      "agentId": "ae96e7c3a0bc56510",
      "model": "claude-sonnet-5-5",
      "state": "error",
      "startedAt": 1791246539019,
      "queuedAt": 1791246422878,
      "attempt": 1,
      "promptPreview": "You check candidate places for a directory of joinable pottery firings in California.\nDo NOT read any files in the local repository. Work only from the web.\nTools (budget: at most 4 WebSearch calls per candidate; prefer WebFetch/curl of the place's own pages): load WebFetch and WebSearch with ToolSearch (\"select:WebFetch,WebSearch\"). If a page is empty or JavaScript-heavy (Wix, Squarespace), fetch…",
      "promptFramed": true,
      "lastProgressAt": 1791246539586,
      "error": "You've hit your session limit · resets 9:20pm (America/Los_Angeles)",
      "tokens": 0,
      "toolCalls": 0,
      "durationMs": 566
    },
    {
      "type": "workflow_agent",
      "index": 42,
      "label": "check r1 21/65",
      "phaseIndex": 2,
      "phaseTitle": "Check",
      "agentId": "a918faef91288028e",
      "model": "claude-sonnet-5-5",
      "state": "error",
      "startedAt": 1791246539105,
      "queuedAt": 1791246422878,
      "attempt": 1,
      "promptPreview": "You check candidate places for a directory of joinable pottery firings in California.\nDo NOT read any files in the local repository. Work only from the web.\nTools (budget: at most 4 WebSearch calls per candidate; prefer WebFetch/curl of the place's own pages): load WebFetch and WebSearch with ToolSearch (\"select:WebFetch,WebSearch\"). If a page is empty or JavaScript-heavy (Wix, Squarespace), fetch…",
      "promptFramed": true,
      "lastProgressAt": 1791246539649,
      "error": "You've hit your session limit · resets 9:20pm (America/Los_Angeles)",
      "tokens": 0,
      "toolCalls": 0,
      "durationMs": 544
    },
    {
      "type": "workflow_agent",
      "index": 43,
      "label": "check r1 22/65",
      "phaseIndex": 2,
      "phaseTitle": "Check",
      "agentId": "afa382fcac24338b2",
      "model": "claude-sonnet-5-5",
      "state": "error",
      "startedAt": 1791246539122,
      "queuedAt": 1791246422878,
      "attempt": 1,
      "promptPreview": "You check candidate places for a directory of joinable pottery firings in California.\nDo NOT read any files in the local repository. Work only from the web.\nTools (budget: at most 4 WebSearch calls per candidate; prefer WebFetch/curl of the place's own pages): load WebFetch and WebSearch with ToolSearch (\"select:WebFetch,WebSearch\"). If a page is empty or JavaScript-heavy (Wix, Squarespace), fetch…",
      "promptFramed": true,
      "lastProgressAt": 1791246539617,
      "error": "You've hit your session limit · resets 9:20pm (America/Los_Angeles)",
      "tokens": 0,
      "toolCalls": 0,
      "durationMs": 495
    },
    {
      "type": "workflow_agent",
      "index": 44,
      "label": "check r1 23/65",
      "phaseIndex": 2,
      "phaseTitle": "Check",
      "agentId": "ab3c309e9417fbf29",
      "model": "claude-sonnet-5-5",
      "state": "error",
      "startedAt": 1791246539587,
      "queuedAt": 1791246422878,
      "attempt": 1,
      "promptPreview": "You check candidate places for a directory of joinable pottery firings in California.\nDo NOT read any files in the local repository. Work only from the web.\nTools (budget: at most 4 WebSearch calls per candidate; prefer WebFetch/curl of the place's own pages): load WebFetch and WebSearch with ToolSearch (\"select:WebFetch,WebSearch\"). If a page is empty or JavaScript-heavy (Wix, Squarespace), fetch…",
      "promptFramed": true,
      "lastProgressAt": 1791246539969,
      "error": "You've hit your session limit · resets 9:20pm (America/Los_Angeles)",
      "tokens": 0,
      "toolCalls": 0,
      "durationMs": 382
    },
    {
      "type": "workflow_agent",
      "index": 45,
      "label": "check r1 24/65",
      "phaseIndex": 2,
      "phaseTitle": "Check",
      "agentId": "a5ca245fb738a5549",
      "model": "claude-sonnet-5-5",
      "state": "error",
      "startedAt": 1791246539618,
      "queuedAt": 1791246422878,
      "attempt": 1,
      "promptPreview": "You check candidate places for a directory of joinable pottery firings in California.\nDo NOT read any files in the local repository. Work only from the web.\nTools (budget: at most 4 WebSearch calls per candidate; prefer WebFetch/curl of the place's own pages): load WebFetch and WebSearch with ToolSearch (\"select:WebFetch,WebSearch\"). If a page is empty or JavaScript-heavy (Wix, Squarespace), fetch…",
      "promptFramed": true,
      "lastProgressAt": 1791246540005,
      "error": "You've hit your session limit · resets 9:20pm (America/Los_Angeles)",
      "tokens": 0,
      "toolCalls": 0,
      "durationMs": 387
    },
    {
      "type": "workflow_agent",
      "index": 46,
      "label": "check r1 25/65",
      "phaseIndex": 2,
      "phaseTitle": "Check",
      "agentId": "a989f67c512fb6149",
      "model": "claude-sonnet-5-5",
      "state": "error",
      "startedAt": 1791246539640,
      "queuedAt": 1791246422879,
      "attempt": 1,
      "promptPreview": "You check candidate places for a directory of joinable pottery firings in California.\nDo NOT read any files in the local repository. Work only from the web.\nTools (budget: at most 4 WebSearch calls per candidate; prefer WebFetch/curl of the place's own pages): load WebFetch and WebSearch with ToolSearch (\"select:WebFetch,WebSearch\"). If a page is empty or JavaScript-heavy (Wix, Squarespace), fetch…",
      "promptFramed": true,
      "lastProgressAt": 1791246540042,
      "error": "You've hit your session limit · resets 9:20pm (America/Los_Angeles)",
      "tokens": 0,
      "toolCalls": 0,
      "durationMs": 402
    },
    {
      "type": "workflow_agent",
      "index": 47,
      "label": "check r1 26/65",
      "phaseIndex": 2,
      "phaseTitle": "Check",
      "agentId": "ac99fe0edf2a9cc48",
      "model": "claude-sonnet-5-5",
      "state": "error",
      "startedAt": 1791246539650,
      "queuedAt": 1791246422879,
      "attempt": 1,
      "promptPreview": "You check candidate places for a directory of joinable pottery firings in California.\nDo NOT read any files in the local repository. Work only from the web.\nTools (budget: at most 4 WebSearch calls per candidate; prefer WebFetch/curl of the place's own pages): load WebFetch and WebSearch with ToolSearch (\"select:WebFetch,WebSearch\"). If a page is empty or JavaScript-heavy (Wix, Squarespace), fetch…",
      "promptFramed": true,
      "lastProgressAt": 1791246540097,
      "error": "You've hit your session limit · resets 9:20pm (America/Los_Angeles)",
      "tokens": 0,
      "toolCalls": 0,
      "durationMs": 447
    },
    {
      "type": "workflow_agent",
      "index": 48,
      "label": "check r1 27/65",
      "phaseIndex": 2,
      "phaseTitle": "Check",
      "agentId": "aff47423e24ec9653",
      "model": "claude-sonnet-5-5",
      "state": "error",
      "startedAt": 1791246539943,
      "queuedAt": 1791246422879,
      "attempt": 1,
      "promptPreview": "You check candidate places for a directory of joinable pottery firings in California.\nDo NOT read any files in the local repository. Work only from the web.\nTools (budget: at most 4 WebSearch calls per candidate; prefer WebFetch/curl of the place's own pages): load WebFetch and WebSearch with ToolSearch (\"select:WebFetch,WebSearch\"). If a page is empty or JavaScript-heavy (Wix, Squarespace), fetch…",
      "promptFramed": true,
      "lastProgressAt": 1791246540312,
      "error": "You've hit your session limit · resets 9:20pm (America/Los_Angeles)",
      "tokens": 0,
      "toolCalls": 0,
      "durationMs": 369
    },
    {
      "type": "workflow_agent",
      "index": 49,
      "label": "check r1 28/65",
      "phaseIndex": 2,
      "phaseTitle": "Check",
      "agentId": "af1fcc80740b535bc",
      "model": "claude-sonnet-5-5",
      "state": "error",
      "startedAt": 1791246539970,
      "queuedAt": 1791246422879,
      "attempt": 1,
      "promptPreview": "You check candidate places for a directory of joinable pottery firings in California.\nDo NOT read any files in the local repository. Work only from the web.\nTools (budget: at most 4 WebSearch calls per candidate; prefer WebFetch/curl of the place's own pages): load WebFetch and WebSearch with ToolSearch (\"select:WebFetch,WebSearch\"). If a page is empty or JavaScript-heavy (Wix, Squarespace), fetch…",
      "promptFramed": true,
      "lastProgressAt": 1791246540525,
      "error": "You've hit your session limit · resets 9:20pm (America/Los_Angeles)",
      "tokens": 0,
      "toolCalls": 0,
      "durationMs": 555
    },
    {
      "type": "workflow_agent",
      "index": 50,
      "label": "check r1 29/65",
      "phaseIndex": 2,
      "phaseTitle": "Check",
      "agentId": "a171a728347e544d5",
      "model": "claude-sonnet-5-5",
      "state": "error",
      "startedAt": 1791246540006,
      "queuedAt": 1791246422879,
      "attempt": 1,
      "promptPreview": "You check candidate places for a directory of joinable pottery firings in California.\nDo NOT read any files in the local repository. Work only from the web.\nTools (budget: at most 4 WebSearch calls per candidate; prefer WebFetch/curl of the place's own pages): load WebFetch and WebSearch with ToolSearch (\"select:WebFetch,WebSearch\"). If a page is empty or JavaScript-heavy (Wix, Squarespace), fetch…",
      "promptFramed": true,
      "lastProgressAt": 1791246540404,
      "error": "You've hit your session limit · resets 9:20pm (America/Los_Angeles)",
      "tokens": 0,
      "toolCalls": 0,
      "durationMs": 398
    },
    {
      "type": "workflow_agent",
      "index": 51,
      "label": "check r1 30/65",
      "phaseIndex": 2,
      "phaseTitle": "Check",
      "agentId": "aa4c8ab9608233917",
      "model": "claude-sonnet-5-5",
      "state": "error",
      "startedAt": 1791246540038,
      "queuedAt": 1791246422879,
      "attempt": 1,
      "promptPreview": "You check candidate places for a directory of joinable pottery firings in California.\nDo NOT read any files in the local repository. Work only from the web.\nTools (budget: at most 4 WebSearch calls per candidate; prefer WebFetch/curl of the place's own pages): load WebFetch and WebSearch with ToolSearch (\"select:WebFetch,WebSearch\"). If a page is empty or JavaScript-heavy (Wix, Squarespace), fetch…",
      "promptFramed": true,
      "lastProgressAt": 1791246540520,
      "error": "You've hit your session limit · resets 9:20pm (America/Los_Angeles)",
      "tokens": 0,
      "toolCalls": 0,
      "durationMs": 482
    },
    {
      "type": "workflow_agent",
      "index": 52,
      "label": "check r1 31/65",
      "phaseIndex": 2,
      "phaseTitle": "Check",
      "agentId": "a345f08620365e11e",
      "model": "claude-sonnet-5-5",
      "state": "error",
      "startedAt": 1791246540042,
      "queuedAt": 1791246422879,
      "attempt": 1,
      "promptPreview": "You check candidate places for a directory of joinable pottery firings in California.\nDo NOT read any files in the local repository. Work only from the web.\nTools (budget: at most 4 WebSearch calls per candidate; prefer WebFetch/curl of the place's own pages): load WebFetch and WebSearch with ToolSearch (\"select:WebFetch,WebSearch\"). If a page is empty or JavaScript-heavy (Wix, Squarespace), fetch…",
      "promptFramed": true,
      "lastProgressAt": 1791246540448,
      "error": "You've hit your session limit · resets 9:20pm (America/Los_Angeles)",
      "tokens": 0,
      "toolCalls": 0,
      "durationMs": 405
    },
    {
      "type": "workflow_agent",
      "index": 53,
      "label": "check r1 32/65",
      "phaseIndex": 2,
      "phaseTitle": "Check",
      "agentId": "aa78f2cc6e98b416a",
      "model": "claude-sonnet-5-5",
      "state": "error",
      "startedAt": 1791246540099,
      "queuedAt": 1791246422880,
      "attempt": 1,
      "promptPreview": "You check candidate places for a directory of joinable pottery firings in California.\nDo NOT read any files in the local repository. Work only from the web.\nTools (budget: at most 4 WebSearch calls per candidate; prefer WebFetch/curl of the place's own pages): load WebFetch and WebSearch with ToolSearch (\"select:WebFetch,WebSearch\"). If a page is empty or JavaScript-heavy (Wix, Squarespace), fetch…",
      "promptFramed": true,
      "lastProgressAt": 1791246540532,
      "error": "You've hit your session limit · resets 9:20pm (America/Los_Angeles)",
      "tokens": 0,
      "toolCalls": 0,
      "durationMs": 433
    },
    {
      "type": "workflow_agent",
      "index": 54,
      "label": "check r1 33/65",
      "phaseIndex": 2,
      "phaseTitle": "Check",
      "agentId": "ab2f4b5403e7d8258",
      "model": "claude-sonnet-5-5",
      "state": "error",
      "startedAt": 1791246540314,
      "queuedAt": 1791246422880,
      "attempt": 1,
      "promptPreview": "You check candidate places for a directory of joinable pottery firings in California.\nDo NOT read any files in the local repository. Work only from the web.\nTools (budget: at most 4 WebSearch calls per candidate; prefer WebFetch/curl of the place's own pages): load WebFetch and WebSearch with ToolSearch (\"select:WebFetch,WebSearch\"). If a page is empty or JavaScript-heavy (Wix, Squarespace), fetch…",
      "promptFramed": true,
      "lastProgressAt": 1791246540660,
      "error": "You've hit your session limit · resets 9:20pm (America/Los_Angeles)",
      "tokens": 0,
      "toolCalls": 0,
      "durationMs": 346
    },
    {
      "type": "workflow_agent",
      "index": 55,
      "label": "check r1 34/65",
      "phaseIndex": 2,
      "phaseTitle": "Check",
      "agentId": "a59546509a49e864e",
      "model": "claude-sonnet-5-5",
      "state": "error",
      "startedAt": 1791246540405,
      "queuedAt": 1791246422880,
      "attempt": 1,
      "promptPreview": "You check candidate places for a directory of joinable pottery firings in California.\nDo NOT read any files in the local repository. Work only from the web.\nTools (budget: at most 4 WebSearch calls per candidate; prefer WebFetch/curl of the place's own pages): load WebFetch and WebSearch with ToolSearch (\"select:WebFetch,WebSearch\"). If a page is empty or JavaScript-heavy (Wix, Squarespace), fetch…",
      "promptFramed": true,
      "lastProgressAt": 1791246540922,
      "error": "You've hit your session limit · resets 9:20pm (America/Los_Angeles)",
      "tokens": 0,
      "toolCalls": 0,
      "durationMs": 517
    },
    {
      "type": "workflow_agent",
      "index": 56,
      "label": "check r1 35/65",
      "phaseIndex": 2,
      "phaseTitle": "Check",
      "agentId": "af63625b4db738a40",
      "model": "claude-sonnet-5-5",
      "state": "error",
      "startedAt": 1791246540449,
      "queuedAt": 1791246422880,
      "attempt": 1,
      "promptPreview": "You check candidate places for a directory of joinable pottery firings in California.\nDo NOT read any files in the local repository. Work only from the web.\nTools (budget: at most 4 WebSearch calls per candidate; prefer WebFetch/curl of the place's own pages): load WebFetch and WebSearch with ToolSearch (\"select:WebFetch,WebSearch\"). If a page is empty or JavaScript-heavy (Wix, Squarespace), fetch…",
      "promptFramed": true,
      "lastProgressAt": 1791246540907,
      "error": "You've hit your session limit · resets 9:20pm (America/Los_Angeles)",
      "tokens": 0,
      "toolCalls": 0,
      "durationMs": 458
    },
    {
      "type": "workflow_agent",
      "index": 57,
      "label": "check r1 36/65",
      "phaseIndex": 2,
      "phaseTitle": "Check",
      "agentId": "ac923b46187d893d7",
      "model": "claude-sonnet-5-5",
      "state": "error",
      "startedAt": 1791246540521,
      "queuedAt": 1791246422880,
      "attempt": 1,
      "promptPreview": "You check candidate places for a directory of joinable pottery firings in California.\nDo NOT read any files in the local repository. Work only from the web.\nTools (budget: at most 4 WebSearch calls per candidate; prefer WebFetch/curl of the place's own pages): load WebFetch and WebSearch with ToolSearch (\"select:WebFetch,WebSearch\"). If a page is empty or JavaScript-heavy (Wix, Squarespace), fetch…",
      "promptFramed": true,
      "lastProgressAt": 1791246540956,
      "error": "You've hit your session limit · resets 9:20pm (America/Los_Angeles)",
      "tokens": 0,
      "toolCalls": 0,
      "durationMs": 435
    },
    {
      "type": "workflow_agent",
      "index": 58,
      "label": "check r1 37/65",
      "phaseIndex": 2,
      "phaseTitle": "Check",
      "agentId": "a660f6fa946633f42",
      "model": "claude-sonnet-5-5",
      "state": "error",
      "startedAt": 1791246540526,
      "queuedAt": 1791246422880,
      "attempt": 1,
      "promptPreview": "You check candidate places for a directory of joinable pottery firings in California.\nDo NOT read any files in the local repository. Work only from the web.\nTools (budget: at most 4 WebSearch calls per candidate; prefer WebFetch/curl of the place's own pages): load WebFetch and WebSearch with ToolSearch (\"select:WebFetch,WebSearch\"). If a page is empty or JavaScript-heavy (Wix, Squarespace), fetch…",
      "promptFramed": true,
      "lastProgressAt": 1791246540984,
      "error": "You've hit your session limit · resets 9:20pm (America/Los_Angeles)",
      "tokens": 0,
      "toolCalls": 0,
      "durationMs": 458
    },
    {
      "type": "workflow_agent",
      "index": 59,
      "label": "check r1 38/65",
      "phaseIndex": 2,
      "phaseTitle": "Check",
      "agentId": "a54c7e30b883856ef",
      "model": "claude-sonnet-5-5",
      "state": "error",
      "startedAt": 1791246540533,
      "queuedAt": 1791246422880,
      "attempt": 1,
      "promptPreview": "You check candidate places for a directory of joinable pottery firings in California.\nDo NOT read any files in the local repository. Work only from the web.\nTools (budget: at most 4 WebSearch calls per candidate; prefer WebFetch/curl of the place's own pages): load WebFetch and WebSearch with ToolSearch (\"select:WebFetch,WebSearch\"). If a page is empty or JavaScript-heavy (Wix, Squarespace), fetch…",
      "promptFramed": true,
      "lastProgressAt": 1791246541000,
      "error": "You've hit your session limit · resets 9:20pm (America/Los_Angeles)",
      "tokens": 0,
      "toolCalls": 0,
      "durationMs": 467
    },
    {
      "type": "workflow_agent",
      "index": 60,
      "label": "check r1 39/65",
      "phaseIndex": 2,
      "phaseTitle": "Check",
      "agentId": "aae7c90ac05961f56",
      "model": "claude-sonnet-5-5",
      "state": "error",
      "startedAt": 1791246540661,
      "queuedAt": 1791246422880,
      "attempt": 1,
      "promptPreview": "You check candidate places for a directory of joinable pottery firings in California.\nDo NOT read any files in the local repository. Work only from the web.\nTools (budget: at most 4 WebSearch calls per candidate; prefer WebFetch/curl of the place's own pages): load WebFetch and WebSearch with ToolSearch (\"select:WebFetch,WebSearch\"). If a page is empty or JavaScript-heavy (Wix, Squarespace), fetch…",
      "promptFramed": true,
      "lastProgressAt": 1791246541076,
      "error": "You've hit your session limit · resets 9:20pm (America/Los_Angeles)",
      "tokens": 0,
      "toolCalls": 0,
      "durationMs": 415
    },
    {
      "type": "workflow_agent",
      "index": 61,
      "label": "check r1 40/65",
      "phaseIndex": 2,
      "phaseTitle": "Check",
      "agentId": "a9fe0372da4e22552",
      "model": "claude-sonnet-5-5",
      "state": "error",
      "startedAt": 1791246540910,
      "queuedAt": 1791246422880,
      "attempt": 1,
      "promptPreview": "You check candidate places for a directory of joinable pottery firings in California.\nDo NOT read any files in the local repository. Work only from the web.\nTools (budget: at most 4 WebSearch calls per candidate; prefer WebFetch/curl of the place's own pages): load WebFetch and WebSearch with ToolSearch (\"select:WebFetch,WebSearch\"). If a page is empty or JavaScript-heavy (Wix, Squarespace), fetch…",
      "promptFramed": true,
      "lastProgressAt": 1791246541336,
      "error": "You've hit your session limit · resets 9:20pm (America/Los_Angeles)",
      "tokens": 0,
      "toolCalls": 0,
      "durationMs": 426
    },
    {
      "type": "workflow_agent",
      "index": 62,
      "label": "check r1 41/65",
      "phaseIndex": 2,
      "phaseTitle": "Check",
      "agentId": "aaedc6507fde9f536",
      "model": "claude-sonnet-5-5",
      "state": "error",
      "startedAt": 1791246540924,
      "queuedAt": 1791246422880,
      "attempt": 1,
      "promptPreview": "You check candidate places for a directory of joinable pottery firings in California.\nDo NOT read any files in the local repository. Work only from the web.\nTools (budget: at most 4 WebSearch calls per candidate; prefer WebFetch/curl of the place's own pages): load WebFetch and WebSearch with ToolSearch (\"select:WebFetch,WebSearch\"). If a page is empty or JavaScript-heavy (Wix, Squarespace), fetch…",
      "promptFramed": true,
      "lastProgressAt": 1791246541314,
      "error": "You've hit your session limit · resets 9:20pm (America/Los_Angeles)",
      "tokens": 0,
      "toolCalls": 0,
      "durationMs": 390
    },
    {
      "type": "workflow_agent",
      "index": 63,
      "label": "check r1 42/65",
      "phaseIndex": 2,
      "phaseTitle": "Check",
      "agentId": "ab83f2a5ff42a617c",
      "model": "claude-sonnet-5-5",
      "state": "error",
      "startedAt": 1791246540958,
      "queuedAt": 1791246422881,
      "attempt": 1,
      "promptPreview": "You check candidate places for a directory of joinable pottery firings in California.\nDo NOT read any files in the local repository. Work only from the web.\nTools (budget: at most 4 WebSearch calls per candidate; prefer WebFetch/curl of the place's own pages): load WebFetch and WebSearch with ToolSearch (\"select:WebFetch,WebSearch\"). If a page is empty or JavaScript-heavy (Wix, Squarespace), fetch…",
      "promptFramed": true,
      "lastProgressAt": 1791246541343,
      "error": "You've hit your session limit · resets 9:20pm (America/Los_Angeles)",
      "tokens": 0,
      "toolCalls": 0,
      "durationMs": 385
    },
    {
      "type": "workflow_agent",
      "index": 64,
      "label": "check r1 43/65",
      "phaseIndex": 2,
      "phaseTitle": "Check",
      "agentId": "a43a443a10a5c729f",
      "model": "claude-sonnet-5-5",
      "state": "error",
      "startedAt": 1791246540986,
      "queuedAt": 1791246422881,
      "attempt": 1,
      "promptPreview": "You check candidate places for a directory of joinable pottery firings in California.\nDo NOT read any files in the local repository. Work only from the web.\nTools (budget: at most 4 WebSearch calls per candidate; prefer WebFetch/curl of the place's own pages): load WebFetch and WebSearch with ToolSearch (\"select:WebFetch,WebSearch\"). If a page is empty or JavaScript-heavy (Wix, Squarespace), fetch…",
      "promptFramed": true,
      "lastProgressAt": 1791246541370,
      "error": "You've hit your session limit · resets 9:20pm (America/Los_Angeles)",
      "tokens": 0,
      "toolCalls": 0,
      "durationMs": 384
    },
    {
      "type": "workflow_agent",
      "index": 65,
      "label": "check r1 44/65",
      "phaseIndex": 2,
      "phaseTitle": "Check",
      "agentId": "a55c95fe6538a870e",
      "model": "claude-sonnet-5-5",
      "state": "error",
      "startedAt": 1791246541001,
      "queuedAt": 1791246422881,
      "attempt": 1,
      "promptPreview": "You check candidate places for a directory of joinable pottery firings in California.\nDo NOT read any files in the local repository. Work only from the web.\nTools (budget: at most 4 WebSearch calls per candidate; prefer WebFetch/curl of the place's own pages): load WebFetch and WebSearch with ToolSearch (\"select:WebFetch,WebSearch\"). If a page is empty or JavaScript-heavy (Wix, Squarespace), fetch…",
      "promptFramed": true,
      "lastProgressAt": 1791246541397,
      "error": "You've hit your session limit · resets 9:20pm (America/Los_Angeles)",
      "tokens": 0,
      "toolCalls": 0,
      "durationMs": 396
    },
    {
      "type": "workflow_agent",
      "index": 66,
      "label": "check r1 45/65",
      "phaseIndex": 2,
      "phaseTitle": "Check",
      "agentId": "aff07dd3e51dcb872",
      "model": "claude-sonnet-5-5",
      "state": "error",
      "startedAt": 1791246541077,
      "queuedAt": 1791246422881,
      "attempt": 1,
      "promptPreview": "You check candidate places for a directory of joinable pottery firings in California.\nDo NOT read any files in the local repository. Work only from the web.\nTools (budget: at most 4 WebSearch calls per candidate; prefer WebFetch/curl of the place's own pages): load WebFetch and WebSearch with ToolSearch (\"select:WebFetch,WebSearch\"). If a page is empty or JavaScript-heavy (Wix, Squarespace), fetch…",
      "promptFramed": true,
      "lastProgressAt": 1791246541465,
      "error": "You've hit your session limit · resets 9:20pm (America/Los_Angeles)",
      "tokens": 0,
      "toolCalls": 0,
      "durationMs": 388
    },
    {
      "type": "workflow_agent",
      "index": 67,
      "label": "check r1 46/65",
      "phaseIndex": 2,
      "phaseTitle": "Check",
      "agentId": "a8771e272a56d8e55",
      "model": "claude-sonnet-5-5",
      "state": "error",
      "startedAt": 1791246541317,
      "queuedAt": 1791246422881,
      "attempt": 1,
      "promptPreview": "You check candidate places for a directory of joinable pottery firings in California.\nDo NOT read any files in the local repository. Work only from the web.\nTools (budget: at most 4 WebSearch calls per candidate; prefer WebFetch/curl of the place's own pages): load WebFetch and WebSearch with ToolSearch (\"select:WebFetch,WebSearch\"). If a page is empty or JavaScript-heavy (Wix, Squarespace), fetch…",
      "promptFramed": true,
      "lastProgressAt": 1791246541713,
      "error": "You've hit your session limit · resets 9:20pm (America/Los_Angeles)",
      "tokens": 0,
      "toolCalls": 0,
      "durationMs": 396
    },
    {
      "type": "workflow_agent",
      "index": 68,
      "label": "check r1 47/65",
      "phaseIndex": 2,
      "phaseTitle": "Check",
      "agentId": "afa3b9c85a8fc3a66",
      "model": "claude-sonnet-5-5",
      "state": "error",
      "startedAt": 1791246541337,
      "queuedAt": 1791246422881,
      "attempt": 1,
      "promptPreview": "You check candidate places for a directory of joinable pottery firings in California.\nDo NOT read any files in the local repository. Work only from the web.\nTools (budget: at most 4 WebSearch calls per candidate; prefer WebFetch/curl of the place's own pages): load WebFetch and WebSearch with ToolSearch (\"select:WebFetch,WebSearch\"). If a page is empty or JavaScript-heavy (Wix, Squarespace), fetch…",
      "promptFramed": true,
      "lastProgressAt": 1791246542164,
      "error": "You've hit your session limit · resets 9:20pm (America/Los_Angeles)",
      "tokens": 0,
      "toolCalls": 0,
      "durationMs": 827
    },
    {
      "type": "workflow_agent",
      "index": 69,
      "label": "check r1 48/65",
      "phaseIndex": 2,
      "phaseTitle": "Check",
      "agentId": "ad384667378da61aa",
      "model": "claude-sonnet-5-5",
      "state": "error",
      "startedAt": 1791246541344,
      "queuedAt": 1791246422881,
      "attempt": 1,
      "promptPreview": "You check candidate places for a directory of joinable pottery firings in California.\nDo NOT read any files in the local repository. Work only from the web.\nTools (budget: at most 4 WebSearch calls per candidate; prefer WebFetch/curl of the place's own pages): load WebFetch and WebSearch with ToolSearch (\"select:WebFetch,WebSearch\"). If a page is empty or JavaScript-heavy (Wix, Squarespace), fetch…",
      "promptFramed": true,
      "lastProgressAt": 1791246542069,
      "error": "You've hit your session limit · resets 9:20pm (America/Los_Angeles)",
      "tokens": 0,
      "toolCalls": 0,
      "durationMs": 725
    },
    {
      "type": "workflow_agent",
      "index": 70,
      "label": "check r1 49/65",
      "phaseIndex": 2,
      "phaseTitle": "Check",
      "agentId": "a093366a06f7f87cf",
      "model": "claude-sonnet-5-5",
      "state": "error",
      "startedAt": 1791246541372,
      "queuedAt": 1791246422881,
      "attempt": 1,
      "promptPreview": "You check candidate places for a directory of joinable pottery firings in California.\nDo NOT read any files in the local repository. Work only from the web.\nTools (budget: at most 4 WebSearch calls per candidate; prefer WebFetch/curl of the place's own pages): load WebFetch and WebSearch with ToolSearch (\"select:WebFetch,WebSearch\"). If a page is empty or JavaScript-heavy (Wix, Squarespace), fetch…",
      "promptFramed": true,
      "lastProgressAt": 1791246542316,
      "error": "You've hit your session limit · resets 9:20pm (America/Los_Angeles)",
      "tokens": 0,
      "toolCalls": 0,
      "durationMs": 944
    },
    {
      "type": "workflow_agent",
      "index": 71,
      "label": "check r1 50/65",
      "phaseIndex": 2,
      "phaseTitle": "Check",
      "agentId": "a6a8da553c5434c50",
      "model": "claude-sonnet-5-5",
      "state": "error",
      "startedAt": 1791246541398,
      "queuedAt": 1791246422881,
      "attempt": 1,
      "promptPreview": "You check candidate places for a directory of joinable pottery firings in California.\nDo NOT read any files in the local repository. Work only from the web.\nTools (budget: at most 4 WebSearch calls per candidate; prefer WebFetch/curl of the place's own pages): load WebFetch and WebSearch with ToolSearch (\"select:WebFetch,WebSearch\"). If a page is empty or JavaScript-heavy (Wix, Squarespace), fetch…",
      "promptFramed": true,
      "lastProgressAt": 1791246542201,
      "error": "You've hit your session limit · resets 9:20pm (America/Los_Angeles)",
      "tokens": 0,
      "toolCalls": 0,
      "durationMs": 803
    },
    {
      "type": "workflow_agent",
      "index": 72,
      "label": "check r1 51/65",
      "phaseIndex": 2,
      "phaseTitle": "Check",
      "agentId": "a975f933b170068d2",
      "model": "claude-sonnet-5-5",
      "state": "error",
      "startedAt": 1791246541419,
      "queuedAt": 1791246422881,
      "attempt": 1,
      "promptPreview": "You check candidate places for a directory of joinable pottery firings in California.\nDo NOT read any files in the local repository. Work only from the web.\nTools (budget: at most 4 WebSearch calls per candidate; prefer WebFetch/curl of the place's own pages): load WebFetch and WebSearch with ToolSearch (\"select:WebFetch,WebSearch\"). If a page is empty or JavaScript-heavy (Wix, Squarespace), fetch…",
      "promptFramed": true,
      "lastProgressAt": 1791246542209,
      "error": "You've hit your session limit · resets 9:20pm (America/Los_Angeles)",
      "tokens": 0,
      "toolCalls": 0,
      "durationMs": 790
    },
    {
      "type": "workflow_agent",
      "index": 73,
      "label": "check r1 52/65",
      "phaseIndex": 2,
      "phaseTitle": "Check",
      "agentId": "ac1bde98e6aea2190",
      "model": "claude-sonnet-5-5",
      "state": "error",
      "startedAt": 1791246541467,
      "queuedAt": 1791246422881,
      "attempt": 1,
      "promptPreview": "You check candidate places for a directory of joinable pottery firings in California.\nDo NOT read any files in the local repository. Work only from the web.\nTools (budget: at most 4 WebSearch calls per candidate; prefer WebFetch/curl of the place's own pages): load WebFetch and WebSearch with ToolSearch (\"select:WebFetch,WebSearch\"). If a page is empty or JavaScript-heavy (Wix, Squarespace), fetch…",
      "promptFramed": true,
      "lastProgressAt": 1791246542170,
      "error": "You've hit your session limit · resets 9:20pm (America/Los_Angeles)",
      "tokens": 0,
      "toolCalls": 0,
      "durationMs": 703
    },
    {
      "type": "workflow_agent",
      "index": 74,
      "label": "check r1 53/65",
      "phaseIndex": 2,
      "phaseTitle": "Check",
      "agentId": "a71d2963447cc693a",
      "model": "claude-sonnet-5-5",
      "state": "error",
      "startedAt": 1791246541716,
      "queuedAt": 1791246422882,
      "attempt": 1,
      "promptPreview": "You check candidate places for a directory of joinable pottery firings in California.\nDo NOT read any files in the local repository. Work only from the web.\nTools (budget: at most 4 WebSearch calls per candidate; prefer WebFetch/curl of the place's own pages): load WebFetch and WebSearch with ToolSearch (\"select:WebFetch,WebSearch\"). If a page is empty or JavaScript-heavy (Wix, Squarespace), fetch…",
      "promptFramed": true,
      "lastProgressAt": 1791246542192,
      "error": "You've hit your session limit · resets 9:20pm (America/Los_Angeles)",
      "tokens": 0,
      "toolCalls": 0,
      "durationMs": 476
    },
    {
      "type": "workflow_agent",
      "index": 75,
      "label": "check r1 54/65",
      "phaseIndex": 2,
      "phaseTitle": "Check",
      "agentId": "af21f6688533a7b2d",
      "model": "claude-sonnet-5-5",
      "state": "error",
      "startedAt": 1791246542070,
      "queuedAt": 1791246422882,
      "attempt": 1,
      "promptPreview": "You check candidate places for a directory of joinable pottery firings in California.\nDo NOT read any files in the local repository. Work only from the web.\nTools (budget: at most 4 WebSearch calls per candidate; prefer WebFetch/curl of the place's own pages): load WebFetch and WebSearch with ToolSearch (\"select:WebFetch,WebSearch\"). If a page is empty or JavaScript-heavy (Wix, Squarespace), fetch…",
      "promptFramed": true,
      "lastProgressAt": 1791246542444,
      "error": "You've hit your session limit · resets 9:20pm (America/Los_Angeles)",
      "tokens": 0,
      "toolCalls": 0,
      "durationMs": 374
    },
    {
      "type": "workflow_agent",
      "index": 76,
      "label": "check r1 55/65",
      "phaseIndex": 2,
      "phaseTitle": "Check",
      "agentId": "aa522113c5d5b3eb0",
      "model": "claude-sonnet-5-5",
      "state": "error",
      "startedAt": 1791246542165,
      "queuedAt": 1791246422882,
      "attempt": 1,
      "promptPreview": "You check candidate places for a directory of joinable pottery firings in California.\nDo NOT read any files in the local repository. Work only from the web.\nTools (budget: at most 4 WebSearch calls per candidate; prefer WebFetch/curl of the place's own pages): load WebFetch and WebSearch with ToolSearch (\"select:WebFetch,WebSearch\"). If a page is empty or JavaScript-heavy (Wix, Squarespace), fetch…",
      "promptFramed": true,
      "lastProgressAt": 1791246542588,
      "error": "You've hit your session limit · resets 9:20pm (America/Los_Angeles)",
      "tokens": 0,
      "toolCalls": 0,
      "durationMs": 423
    },
    {
      "type": "workflow_agent",
      "index": 77,
      "label": "check r1 56/65",
      "phaseIndex": 2,
      "phaseTitle": "Check",
      "agentId": "ad4b3ddafca2a7512",
      "model": "claude-sonnet-5-5",
      "state": "error",
      "startedAt": 1791246542171,
      "queuedAt": 1791246422882,
      "attempt": 1,
      "promptPreview": "You check candidate places for a directory of joinable pottery firings in California.\nDo NOT read any files in the local repository. Work only from the web.\nTools (budget: at most 4 WebSearch calls per candidate; prefer WebFetch/curl of the place's own pages): load WebFetch and WebSearch with ToolSearch (\"select:WebFetch,WebSearch\"). If a page is empty or JavaScript-heavy (Wix, Squarespace), fetch…",
      "promptFramed": true,
      "lastProgressAt": 1791246542620,
      "error": "You've hit your session limit · resets 9:20pm (America/Los_Angeles)",
      "tokens": 0,
      "toolCalls": 0,
      "durationMs": 449
    },
    {
      "type": "workflow_agent",
      "index": 78,
      "label": "check r1 57/65",
      "phaseIndex": 2,
      "phaseTitle": "Check",
      "agentId": "aeffbb9e5859594f1",
      "model": "claude-sonnet-5-5",
      "state": "error",
      "startedAt": 1791246542193,
      "queuedAt": 1791246422882,
      "attempt": 1,
      "promptPreview": "You check candidate places for a directory of joinable pottery firings in California.\nDo NOT read any files in the local repository. Work only from the web.\nTools (budget: at most 4 WebSearch calls per candidate; prefer WebFetch/curl of the place's own pages): load WebFetch and WebSearch with ToolSearch (\"select:WebFetch,WebSearch\"). If a page is empty or JavaScript-heavy (Wix, Squarespace), fetch…",
      "promptFramed": true,
      "lastProgressAt": 1791246542642,
      "error": "You've hit your session limit · resets 9:20pm (America/Los_Angeles)",
      "tokens": 0,
      "toolCalls": 0,
      "durationMs": 449
    },
    {
      "type": "workflow_agent",
      "index": 79,
      "label": "check r1 58/65",
      "phaseIndex": 2,
      "phaseTitle": "Check",
      "agentId": "ad188d7741596aebb",
      "model": "claude-sonnet-5-5",
      "state": "error",
      "startedAt": 1791246542202,
      "queuedAt": 1791246422882,
      "attempt": 1,
      "promptPreview": "You check candidate places for a directory of joinable pottery firings in California.\nDo NOT read any files in the local repository. Work only from the web.\nTools (budget: at most 4 WebSearch calls per candidate; prefer WebFetch/curl of the place's own pages): load WebFetch and WebSearch with ToolSearch (\"select:WebFetch,WebSearch\"). If a page is empty or JavaScript-heavy (Wix, Squarespace), fetch…",
      "promptFramed": true,
      "lastProgressAt": 1791246542652,
      "error": "You've hit your session limit · resets 9:20pm (America/Los_Angeles)",
      "tokens": 0,
      "toolCalls": 0,
      "durationMs": 450
    },
    {
      "type": "workflow_agent",
      "index": 80,
      "label": "check r1 59/65",
      "phaseIndex": 2,
      "phaseTitle": "Check",
      "agentId": "a472f104f4cc0d613",
      "model": "claude-sonnet-5-5",
      "state": "error",
      "startedAt": 1791246542210,
      "queuedAt": 1791246422882,
      "attempt": 1,
      "promptPreview": "You check candidate places for a directory of joinable pottery firings in California.\nDo NOT read any files in the local repository. Work only from the web.\nTools (budget: at most 4 WebSearch calls per candidate; prefer WebFetch/curl of the place's own pages): load WebFetch and WebSearch with ToolSearch (\"select:WebFetch,WebSearch\"). If a page is empty or JavaScript-heavy (Wix, Squarespace), fetch…",
      "promptFramed": true,
      "lastProgressAt": 1791246542567,
      "error": "You've hit your session limit · resets 9:20pm (America/Los_Angeles)",
      "tokens": 0,
      "toolCalls": 0,
      "durationMs": 357
    },
    {
      "type": "workflow_agent",
      "index": 81,
      "label": "check r1 60/65",
      "phaseIndex": 2,
      "phaseTitle": "Check",
      "agentId": "a8afafaee2e02dd4c",
      "model": "claude-sonnet-5-5",
      "state": "error",
      "startedAt": 1791246542317,
      "queuedAt": 1791246422882,
      "attempt": 1,
      "promptPreview": "You check candidate places for a directory of joinable pottery firings in California.\nDo NOT read any files in the local repository. Work only from the web.\nTools (budget: at most 4 WebSearch calls per candidate; prefer WebFetch/curl of the place's own pages): load WebFetch and WebSearch with ToolSearch (\"select:WebFetch,WebSearch\"). If a page is empty or JavaScript-heavy (Wix, Squarespace), fetch…",
      "promptFramed": true,
      "lastProgressAt": 1791246542670,
      "error": "You've hit your session limit · resets 9:20pm (America/Los_Angeles)",
      "tokens": 0,
      "toolCalls": 0,
      "durationMs": 352
    },
    {
      "type": "workflow_agent",
      "index": 82,
      "label": "check r1 61/65",
      "phaseIndex": 2,
      "phaseTitle": "Check",
      "agentId": "a6aa1912e5591210b",
      "model": "claude-sonnet-5-5",
      "state": "error",
      "startedAt": 1791246542446,
      "queuedAt": 1791246422882,
      "attempt": 1,
      "promptPreview": "You check candidate places for a directory of joinable pottery firings in California.\nDo NOT read any files in the local repository. Work only from the web.\nTools (budget: at most 4 WebSearch calls per candidate; prefer WebFetch/curl of the place's own pages): load WebFetch and WebSearch with ToolSearch (\"select:WebFetch,WebSearch\"). If a page is empty or JavaScript-heavy (Wix, Squarespace), fetch…",
      "promptFramed": true,
      "lastProgressAt": 1791246542870,
      "error": "You've hit your session limit · resets 9:20pm (America/Los_Angeles)",
      "tokens": 0,
      "toolCalls": 0,
      "durationMs": 424
    },
    {
      "type": "workflow_agent",
      "index": 83,
      "label": "check r1 62/65",
      "phaseIndex": 2,
      "phaseTitle": "Check",
      "agentId": "a93f4b8b253852c58",
      "model": "claude-sonnet-5-5",
      "state": "error",
      "startedAt": 1791246542568,
      "queuedAt": 1791246422882,
      "attempt": 1,
      "promptPreview": "You check candidate places for a directory of joinable pottery firings in California.\nDo NOT read any files in the local repository. Work only from the web.\nTools (budget: at most 4 WebSearch calls per candidate; prefer WebFetch/curl of the place's own pages): load WebFetch and WebSearch with ToolSearch (\"select:WebFetch,WebSearch\"). If a page is empty or JavaScript-heavy (Wix, Squarespace), fetch…",
      "promptFramed": true,
      "lastProgressAt": 1791246542948,
      "error": "You've hit your session limit · resets 9:20pm (America/Los_Angeles)",
      "tokens": 0,
      "toolCalls": 0,
      "durationMs": 379
    },
    {
      "type": "workflow_agent",
      "index": 84,
      "label": "check r1 63/65",
      "phaseIndex": 2,
      "phaseTitle": "Check",
      "agentId": "afd04c7094d8a910f",
      "model": "claude-sonnet-5-5",
      "state": "error",
      "startedAt": 1791246542589,
      "queuedAt": 1791246422882,
      "attempt": 1,
      "promptPreview": "You check candidate places for a directory of joinable pottery firings in California.\nDo NOT read any files in the local repository. Work only from the web.\nTools (budget: at most 4 WebSearch calls per candidate; prefer WebFetch/curl of the place's own pages): load WebFetch and WebSearch with ToolSearch (\"select:WebFetch,WebSearch\"). If a page is empty or JavaScript-heavy (Wix, Squarespace), fetch…",
      "promptFramed": true,
      "lastProgressAt": 1791246542961,
      "error": "You've hit your session limit · resets 9:20pm (America/Los_Angeles)",
      "tokens": 0,
      "toolCalls": 0,
      "durationMs": 372
    },
    {
      "type": "workflow_agent",
      "index": 85,
      "label": "check r1 64/65",
      "phaseIndex": 2,
      "phaseTitle": "Check",
      "agentId": "acafb34b9fba38b19",
      "model": "claude-sonnet-5-5",
      "state": "error",
      "startedAt": 1791246542621,
      "queuedAt": 1791246422882,
      "attempt": 1,
      "promptPreview": "You check candidate places for a directory of joinable pottery firings in California.\nDo NOT read any files in the local repository. Work only from the web.\nTools (budget: at most 4 WebSearch calls per candidate; prefer WebFetch/curl of the place's own pages): load WebFetch and WebSearch with ToolSearch (\"select:WebFetch,WebSearch\"). If a page is empty or JavaScript-heavy (Wix, Squarespace), fetch…",
      "promptFramed": true,
      "lastProgressAt": 1791246542969,
      "error": "You've hit your session limit · resets 9:20pm (America/Los_Angeles)",
      "tokens": 0,
      "toolCalls": 0,
      "durationMs": 348
    },
    {
      "type": "workflow_agent",
      "index": 86,
      "label": "check r1 65/65",
      "phaseIndex": 2,
      "phaseTitle": "Check",
      "agentId": "a9c1cd4e4c27fe8bf",
      "model": "claude-sonnet-5-5",
      "state": "error",
      "startedAt": 1791246542643,
      "queuedAt": 1791246422883,
      "attempt": 1,
      "promptPreview": "You check candidate places for a directory of joinable pottery firings in California.\nDo NOT read any files in the local repository. Work only from the web.\nTools (budget: at most 4 WebSearch calls per candidate; prefer WebFetch/curl of the place's own pages): load WebFetch and WebSearch with ToolSearch (\"select:WebFetch,WebSearch\"). If a page is empty or JavaScript-heavy (Wix, Squarespace), fetch…",
      "promptFramed": true,
      "lastProgressAt": 1791246542993,
      "error": "You've hit your session limit · resets 9:20pm (America/Los_Angeles)",
      "tokens": 0,
      "toolCalls": 0,
      "durationMs": 350
    },
    {
      "type": "workflow_agent",
      "index": 87,
      "label": "check r2 1/1",
      "phaseIndex": 2,
      "phaseTitle": "Check",
      "agentId": "a313a4b58b7147011",
      "model": "claude-sonnet-5-5",
      "state": "error",
      "startedAt": 1791246544200,
      "queuedAt": 1791246544197,
      "attempt": 1,
      "promptPreview": "You check candidate places for a directory of joinable pottery firings in California.\nDo NOT read any files in the local repository. Work only from the web.\nTools (budget: at most 4 WebSearch calls per candidate; prefer WebFetch/curl of the place's own pages): load WebFetch and WebSearch with ToolSearch (\"select:WebFetch,WebSearch\"). If a page is empty or JavaScript-heavy (Wix, Squarespace), fetch…",
      "promptFramed": true,
      "lastProgressAt": 1791246544540,
      "error": "You've hit your session limit · resets 9:20pm (America/Los_Angeles)",
      "tokens": 0,
      "toolCalls": 0,
      "durationMs": 340
    },
    {
      "type": "workflow_agent",
      "index": 88,
      "label": "check retry 1/1",
      "phaseIndex": 2,
      "phaseTitle": "Check",
      "agentId": "af2c515e2f4d2be71",
      "model": "claude-sonnet-5-5",
      "state": "error",
      "startedAt": 1791246544547,
      "queuedAt": 1791246544543,
      "attempt": 1,
      "promptPreview": "You check candidate places for a directory of joinable pottery firings in California.\nDo NOT read any files in the local repository. Work only from the web.\nTools (budget: at most 4 WebSearch calls per candidate; prefer WebFetch/curl of the place's own pages): load WebFetch and WebSearch with ToolSearch (\"select:WebFetch,WebSearch\"). If a page is empty or JavaScript-heavy (Wix, Squarespace), fetch…",
      "promptFramed": true,
      "lastProgressAt": 1791246544856,
      "error": "You've hit your session limit · resets 9:20pm (America/Los_Angeles)",
      "tokens": 0,
      "toolCalls": 0,
      "durationMs": 309
    },
    {
      "type": "workflow_agent",
      "index": 89,
      "label": "recall test",
      "phaseIndex": 3,
      "phaseTitle": "Recall",
      "agentId": "aff1b48b8f443d2f8",
      "model": "claude-haiku-4-5-20251001",
      "state": "error",
      "startedAt": 1791246544877,
      "queuedAt": 1791246544857,
      "attempt": 1,
      "promptPreview": "Do NOT read local repository files. Load WebSearch with ToolSearch (\"select:WebSearch\").\nPretend you are a potter in California looking for a raku, pit, wood or soda firing to join. Write 10 searches the way a real person would type them (short, casual, e.g. \"california raku firings\", \"where can i do raku near Los Angeles\", \"wood firing california\"), mixing the state and these places: Los Angeles,…",
      "promptFramed": true,
      "lastProgressAt": 1791246545222,
      "error": "You've hit your session limit · resets 9:20pm (America/Los_Angeles)",
      "tokens": 0,
      "toolCalls": 0,
      "durationMs": 344
    }
  ],
  "totalTokens": 2130492,
  "totalToolCalls": 299
}